[22:45:54] advance reason=alert ticks=13280 halted={"id":"Alert_ColonistNeedsTend","label":"Medical treatment needed","priority":"High","kind":"alert","armed_by":"default","tick":1416131,"detail":"Medical treatment needed (Alert_ColonistNeedsTend, priority High) went ON at tick 1416131 — a standing condition the colony did not have a moment ago, so the advance stopped rather than running on. If this one should stop waking the run, `alert-mute {ids:[\"Alert_ColonistNeedsTend\"], reason:\"<why>\"}` records that decision and `digest.alerts.muted` keeps it visible; `advance {through_news:\"<why>\"}` rides past every wake for ONE call."}
[22:47:50] advance reason=timeout ticks=60017 halted=null
{"day":25,"t":1476148,"season":"Summer","food_days":2.7,"rot":18.2,"wood":437,"steel":0,"power":0,"mood":[53,74,44],"posture_ok":true,"wc_ok":true,"threats":0,"alerts":["Alert_NeedWarmClothes","Alert_LowFood","Alert_ChessTableNoChairs","Alert_RolesEmpty"]}
[22:47:53] SAVED day-25.rws (nearest autosave; no save verb exists)
[22:50:05] advance reason=alert ticks=36397 halted={"id":"Alert_MinorBreakRisk","label":"Minor break risk","priority":"High","kind":"alert","armed_by":"default","tick":1512545,"detail":"Minor break risk (Alert_MinorBreakRisk, priority High) went ON at tick 1512545 — a standing condition the colony did not have a moment ago, so the advance stopped rather than running on. If this one should stop waking the run, `alert-mute {ids:[\"Alert_MinorBreakRisk\"], reason:\"<why>\"}` records that decision and `digest.alerts.muted` keeps it visible; `advance {through_news:\"<why>\"}` rides past every wake for ONE call."}
{"day":26,"t":1512545,"season":"Fall","food_days":1.8,"rot":22.3,"wood":437,"steel":0,"power":0,"mood":[59,75,36],"posture_ok":true,"wc_ok":true,"threats":0,"alerts":["Alert_NeedWarmClothes","Alert_LowFood","Alert_ChessTableNoChairs","Alert_RolesEmpty"]}
[22:50:08] SAVED day-26.rws (nearest autosave; no save verb exists)
[22:50:24] advance reason=alert ticks=11057 halted={"id":"Alert_ColonistNeedsTend","label":"Medical treatment needed","priority":"High","kind":"alert","armed_by":"default","tick":1523602,"detail":"Medical treatment needed (Alert_ColonistNeedsTend, priority High) went ON at tick 1523602 — a standing condition the colony did not have a moment ago, so the advance stopped rather than running on. If this one should stop waking the run, `alert-mute {ids:[\"Alert_ColonistNeedsTend\"], reason:\"<why>\"}` records that decision and `digest.alerts.muted` keeps it visible; `advance {through_news:\"<why>\"}` rides past every wake for ONE call."}
[22:50:44] advance reason=alert ticks=11838 halted={"id":"Alert_QuestExpiresSoon","label":"Quest expires in 24 hours","priority":"High","kind":"alert","armed_by":"default","tick":1535440,"detail":"Quest expires in 24 hours (Alert_QuestExpiresSoon, priority High) went ON at tick 1535440 — a standing condition the colony did not have a moment ago, so the advance stopped rather than running on. If this one should stop waking the run, `alert-mute {ids:[\"Alert_QuestExpiresSoon\"], reason:\"<why>\"}` records that decision and `digest.alerts.muted` keeps it visible; `advance {through_news:\"<why>\"}` rides past every wake for ONE call."}
[22:51:17] advance reason=letter ticks=24560 halted={"def":"NewQuest","label":"Quest available: The Deserter","text":"A new quest is available.\n\nThe quest is called 'The Deserter'.\n\nIf you don't accept the quest within 6 days, it will expire.","kind":"letter","armed_by":"until","tick":1560000,"detail":"Quest available: The Deserter (NewQuest) arrived at tick 1560000 — the letter this advance was waiting for."}
{"day":27,"t":1560000,"season":"Fall","food_days":2.4,"rot":22,"wood":437,"steel":0,"power":0,"mood":[54,40,80],"posture_ok":true,"wc_ok":true,"threats":0,"alerts":["Alert_NeedWarmClothes","Alert_LowFood","Alert_QuestExpiresSoon","Alert_ChessTableNoChairs","Alert_RolesEmpty"]}
[22:51:19] SAVED day-27.rws (nearest autosave; no save verb exists)
[22:51:21] letters: Quest available: The Deserter[NewQuest]
[22:51:29] advance reason=interrupted ticks=3548 halted=null
[22:51:29] !! interrupted - stopping
[22:58:46] advance reason=alert ticks=19448 halted={"id":"Alert_LowFood","label":"Low food","priority":"High","kind":"alert","armed_by":"default","tick":1582996,"detail":"Low food (Alert_LowFood, priority High) went ON at tick 1582996 — a standing condition the colony did not have a moment ago, so the advance stopped rather than running on. If this one should stop waking the run, `alert-mute {ids:[\"Alert_LowFood\"], reason:\"<why>\"}` records that decision and `digest.alerts.muted` keeps it visible; `advance {through_news:\"<why>\"}` rides past every wake for ONE call."}
[22:59:04] advance reason=interrupted ticks=10260 halted=null
[22:59:04] !! interrupted - stopping
[22:59:11] advance reason=alert ticks=1984 halted={"id":"Alert_ColonistNeedsTend","label":"Medical treatment needed","priority":"High","kind":"alert","armed_by":"default","tick":1595240,"detail":"Medical treatment needed (Alert_ColonistNeedsTend, priority High) went ON at tick 1595240 — a standing condition the colony did not have a moment ago, so the advance stopped rather than running on. If this one should stop waking the run, `alert-mute {ids:[\"Alert_ColonistNeedsTend\"], reason:\"<why>\"}` records that decision and `digest.alerts.muted` keeps it visible; `advance {through_news:\"<why>\"}` rides past every wake for ONE call."}
[22:59:44] advance reason=interrupted ticks=24034 halted=null
[22:59:44]    interrupted once - re-pausing and retrying (not silent)
[22:59:55] advance reason=interrupted ticks=2796 halted=null
[22:59:55] !! interrupted twice in a row - stopping
[23:00:23] advance reason=letter ticks=6930 halted={"def":"NewQuest","label":"Quest available: Wastepack Clearance","text":"A new quest is available.\n\nThe quest is called 'Wastepack Clearance'.\n\nIf you don't accept the quest within 6 days, it will expire.","kind":"letter","armed_by":"until","tick":1629000,"detail":"Quest available: Wastepack Clearance (NewQuest) arrived at tick 1629000 — the letter this advance was waiting for."}
[23:00:26] letters: Quest available: Wastepack Clearance[NewQuest]
[23:01:41] advance reason=timeout ticks=60027 halted=null
{"day":29,"t":1689027,"season":"Fall","food_days":12,"rot":19.4,"wood":689,"steel":0,"power":1000,"mood":[40,69,82],"posture_ok":true,"wc_ok":true,"threats":0,"alerts":["Alert_NeedWarmClothes","Alert_RolesEmpty"]}
[23:01:43] SAVED day-29.rws (nearest autosave; no save verb exists)
  chop designated: 91
  mine designated: 62
[23:03:12] advance reason=timeout ticks=60027 halted=null
[23:04:58] advance reason=timeout ticks=60027 halted=null
{"day":31,"t":1809081,"season":"Fall","food_days":18.1,"rot":19,"wood":264,"steel":51,"power":1000,"mood":[47,70,90],"posture_ok":true,"wc_ok":true,"threats":0,"alerts":["Alert_NeedWarmClothes","Alert_RolesEmpty"]}
[23:05:01] SAVED day-31.rws (nearest autosave; no save verb exists)
daily ledger day 31: barracks-heat=ok freezer-below-zero=n/a armed-roster=ok production-still-runs=ok apparel-margin=n/a
  chop designated: 27
  mine designated: 17
[23:05:27] advance reason=letter ticks=8938 halted={"def":"AcceptJoiner","label":"Wanderer joins: (*Name)Serenity(/Name)","text":"A child named (*Name)Serenity(/Name) has arrived and wants to join the colony.\n\nShe is willing to contribute, but will not leave voluntarily, claiming to have nowhere else to go. You can choose to turn her down and send her away. However, your colonists will be disturbed at sending someone away in need.\n\n(*Name)Serenity(/Name) is a child of 6 years.\n\n(*Name)Serenity(/Name)'s best stat: Shooting (skill level 1)","kind":"letter","armed_by":"until","tick":1818000,"detail":"Wanderer joins: (*Name)Serenity(/Name) (AcceptJoiner) arrived at tick 1818000 — the letter this advance was waiting for."}
[23:05:31] letters: Wanderer joins: (*Name)Serenity(/Name)[AcceptJoiner]
[23:05:49] advance reason=letter ticks=12982 halted={"def":"AcceptJoiner","label":"Transport pod crash: (*Name)Marco(/Name)","text":"A crop farmer named (*Name)Marco(/Name) is crashing in a transport pod nearby.\n\n(*Name)Marco(/Name) is suffering from paralytic abasia and will be unable to walk.\n\nHe will recover naturally after many days. There is also a chance of a lucky quick recovery. Paralytic abasia can also be cured by a special operation which requires a large amount of glitterworld medicine.\n\nHe is willing to contribute once he has recovered, but will not leave voluntarily. If you don't want (*Name)Marco(/Name), you can banish him, sell him into slavery or leave him to die. However, your other colonists may find this disturbing.\n\n(*Name)Marco(/Name)'s best stat: Plants (skill level 12)","target":"Thing_Human87330","kind":"letter","armed_by":"until","tick":1831000,"detail":"Transport pod crash: (*Name)Marco(/Name) (AcceptJoiner) arrived at tick 1831000 — the letter this advance was waiting for."}
[23:05:52] letters: Wanderer joins: (*Name)Serenity(/Name)[AcceptJoiner] | Transport pod crash: (*Name)Marco(/Name)[AcceptJoiner]
[23:06:16] advance reason=alert ticks=16997 halted={"id":"Alert_QuestExpiresSoon","label":"Quest expires in 24 hours","priority":"High","kind":"alert","armed_by":"default","tick":1847998,"detail":"Quest expires in 24 hours (Alert_QuestExpiresSoon, priority High) went ON at tick 1847998 — a standing condition the colony did not have a moment ago, so the advance stopped rather than running on. If this one should stop waking the run, `alert-mute {ids:[\"Alert_QuestExpiresSoon\"], reason:\"<why>\"}` records that decision and `digest.alerts.muted` keeps it visible; `advance {through_news:\"<why>\"}` rides past every wake for ONE call."}
[23:06:19] letters: Wanderer joins: (*Name)Serenity(/Name)[AcceptJoiner] | Transport pod crash: (*Name)Marco(/Name)[AcceptJoiner]
[23:06:56] letters: Wanderer joins: (*Name)Serenity(/Name)[AcceptJoiner] | Transport pod crash: (*Name)Marco(/Name)[AcceptJoiner]
[23:07:10] advance reason=dialog ticks=8374 halted={"count":1,"windows":[{"type":"Dialog_NodeTreeWithFactionInfo","type_full":"RimWorld.Dialog_NodeTreeWithFactionInfo","layer":"Dialog"}],"letters":["Wanderer joins: (*Name)Serenity(/Name)","Transport pod crash: (*Name)Marco(/Name)"],"opened":{"type":"Dialog_NodeTreeWithFactionInfo","type_full":"RimWorld.Dialog_NodeTreeWithFactionInfo","layer":"Dialog"}}
[23:07:14] letters: Wanderer joins: (*Name)Serenity(/Name)[AcceptJoiner] | Transport pod crash: (*Name)Marco(/Name)[AcceptJoiner]
[23:07:19] advance reason=dialog ticks=0 halted={"count":1,"windows":[{"type":"Dialog_NodeTreeWithFactionInfo","type_full":"RimWorld.Dialog_NodeTreeWithFactionInfo","layer":"Dialog"}],"letters":["Wanderer joins: (*Name)Serenity(/Name)","Transport pod crash: (*Name)Marco(/Name)"]}
[23:13:44] advance reason=letter ticks=20043 halted={"def":"PositiveEvent","label":"Cargo pods","text":"You have detected a cluster of cargo pods crashing nearby.\n\nPerhaps you'll find something useful in the wreckage.","target":"(177, 0, 244), Map_0","kind":"letter","armed_by":"until","tick":1912000,"detail":"Cargo pods (PositiveEvent) arrived at tick 1912000 — the letter this advance was waiting for."}
[23:13:48] letters: Cargo pods[PositiveEvent]
[23:14:14] advance reason=alert ticks=18266 halted={"id":"Alert_QuestExpiresSoon","label":"Quest expires in 24 hours","priority":"High","kind":"alert","armed_by":"default","tick":1930272,"detail":"Quest expires in 24 hours (Alert_QuestExpiresSoon, priority High) went ON at tick 1930272 — a standing condition the colony did not have a moment ago, so the advance stopped rather than running on. If this one should stop waking the run, `alert-mute {ids:[\"Alert_QuestExpiresSoon\"], reason:\"<why>\"}` records that decision and `digest.alerts.muted` keeps it visible; `advance {through_news:\"<why>\"}` rides past every wake for ONE call."}
{"day":33,"t":1930272,"season":"Fall","food_days":9.6,"rot":10.2,"wood":642,"steel":51,"power":1000,"mood":[45,52,53,74,92],"posture_ok":false,"wc_ok":true,"threats":0,"alerts":["Alert_NeedWarmClothes","Alert_QuestExpiresSoon","Alert_RolesEmpty","Alert_TatteredApparel"]}
[23:14:16] SAVED day-33.rws (nearest autosave; no save verb exists)
daily ledger day 33: barracks-heat=ok freezer-below-zero=n/a armed-roster=action production-still-runs=ok apparel-margin=action
  chop designated: 47
  mine designated: 0
[23:14:47] advance reason=letter ticks=6747 halted={"def":"ThreatBig","label":"Raid: Buoink","text":"A group of pigskins from (*Faction=Faction_6)Buoink(/Faction) have arrived nearby.\n\nThey are attacking immediately.","target":"Thing_Human89329","faction":"Buoink","kind":"letter","armed_by":"until","tick":1937000,"detail":"Raid: Buoink (ThreatBig) arrived at tick 1937000 — the letter this advance was waiting for."}
[23:14:50] letters: Raid: Buoink[ThreatBig]
[23:14:51] !! THREAT: Raid: Buoink at tick 1937019
[23:14:51] SAVED threat-t1937019-RaidBuoink.rws (nearest autosave; no save verb exists)
{"name":"Lacey","seek":true}
{"name":"Wouter","seek":false}
{"name":"Jimmy","seek":true}
{"name":"Serenity","seek":false}
{"name":"Marco","seek":false}
[23:15:07] advance reason=alert ticks=1877 halted={"id":"Alert_ColonistNeedsTend","label":"Medical treatment needed","priority":"High","kind":"alert","armed_by":"default","tick":1938896,"detail":"Medical treatment needed (Alert_ColonistNeedsTend, priority High) went ON at tick 1938896 — a standing condition the colony did not have a moment ago, so the advance stopped rather than running on. If this one should stop waking the run, `alert-mute {ids:[\"Alert_ColonistNeedsTend\"], reason:\"<why>\"}` records that decision and `digest.alerts.muted` keeps it visible; `advance {through_news:\"<why>\"}` rides past every wake for ONE call."}
[23:15:55] BUILD HiTechResearchBench queued at 117,128 (100 steel + 10 components)
[23:16:01] advance reason=casualty ticks=298 halted={"kind":"casualty","event":"downed","pawn":"Lacey","faction":"Southeastern Tedalor","player_faction":true,"tick":1939194,"pawn_id":310,"pawn_kind":"colonist","damage":"Cut","detail":"Lacey (Southeastern Tedalor) went DOWN at tick 1939194 — the advance stopped here rather than running on. `triage` has the bleed clock, the rescuers and the exact `rescue` call; `advance {through_casualties:\"<why>\"}` rides past it deliberately."}
[23:16:01] !! CASUALTY - triaging
{"name":"Lacey","verdict":"in-time","margin":19433,"act":{"pawn":323,"target":310}}
{"name":"Marco","verdict":"no-rescuer","margin":null,"act":null}
{"ok":true,"job":"rescuing Lacey."}
[23:16:10] BUILD HiTechResearchBench queued at 117,128 (100 steel + 10 components)
[23:16:23] advance reason=alert ticks=668 halted={"id":"Alert_ColonistNeedsTend","label":"Medical treatment needed","priority":"High","kind":"alert","armed_by":"default","tick":1939862,"detail":"Medical treatment needed (Alert_ColonistNeedsTend, priority High) went ON at tick 1939862 — a standing condition the colony did not have a moment ago, so the advance stopped rather than running on. If this one should stop waking the run, `alert-mute {ids:[\"Alert_ColonistNeedsTend\"], reason:\"<why>\"}` records that decision and `digest.alerts.muted` keeps it visible; `advance {through_news:\"<why>\"}` rides past every wake for ONE call."}
[23:16:29] BUILD HiTechResearchBench queued at 117,128 (100 steel + 10 components)
[23:16:36] advance reason=casualty ticks=322 halted={"kind":"casualty","event":"downed","pawn":"Jimmy","faction":"Southeastern Tedalor","player_faction":true,"tick":1940184,"pawn_id":323,"pawn_kind":"colonist","damage":"Cut","detail":"Jimmy (Southeastern Tedalor) went DOWN at tick 1940184 — the advance stopped here rather than running on. `triage` has the bleed clock, the rescuers and the exact `rescue` call; `advance {through_casualties:\"<why>\"}` rides past it deliberately."}
[23:16:36] !! CASUALTY - triaging
{"name":"Lacey","verdict":"in-time","margin":17838,"act":{"pawn":313,"target":310}}
{"name":"Jimmy","verdict":"in-time","margin":26509,"act":{"pawn":313,"target":323}}
{"name":"Marco","verdict":"no-rescuer","margin":null,"act":null}
{"ok":true,"job":"rescuing Lacey."}
[23:16:46] BUILD HiTechResearchBench queued at 117,128 (100 steel + 10 components)
[23:17:02] advance reason=letter ticks=1838 halted={"def":"PositiveEvent","label":"Ambrosia sprout","text":"A grove of the mysterious ambrosia bush has sprouted nearby! If you wait for the plants to grow, you'll be able to harvest the delicious, pleasurable, and slightly addictive fruit.","target":"Thing_Plant_Ambrosia89430","kind":"letter","armed_by":"until","tick":1942000,"detail":"Ambrosia sprout (PositiveEvent) arrived at tick 1942000 — the letter this advance was waiting for."}
[23:17:05] letters: Ambrosia sprout[PositiveEvent]
[23:17:09] BUILD HiTechResearchBench queued at 117,128 (100 steel + 10 components)
[23:17:11] advance reason=letter ticks=657 halted={"def":"NegativeEvent","label":"(*Name)Jimmy(/Name) kidnapped","text":"(*Name)Jimmy(/Name) has been kidnapped by (*Faction=Faction_6)Buoink(/Faction)!\n\nHowever, he is not lost forever. An opportunity to rescue him may present itself in the coming days or years.","kind":"letter","armed_by":"until","tick":1942678,"detail":"(*Name)Jimmy(/Name) kidnapped (NegativeEvent) arrived at tick 1942678 — the letter this advance was waiting for."}
[23:17:14] letters: (*Name)Jimmy(/Name) kidnapped[NegativeEvent]
[23:17:18] BUILD HiTechResearchBench queued at 117,128 (100 steel + 10 components)
[23:17:20] advance reason=alert ticks=443 halted={"id":"Alert_ColonistNeedsTend","label":"Medical treatment needed","priority":"High","kind":"alert","armed_by":"default","tick":1943122,"detail":"Medical treatment needed (Alert_ColonistNeedsTend, priority High) went ON at tick 1943122 — a standing condition the colony did not have a moment ago, so the advance stopped rather than running on. If this one should stop waking the run, `alert-mute {ids:[\"Alert_ColonistNeedsTend\"], reason:\"<why>\"}` records that decision and `digest.alerts.muted` keeps it visible; `advance {through_news:\"<why>\"}` rides past every wake for ONE call."}
[23:17:26] BUILD HiTechResearchBench queued at 117,128 (100 steel + 10 components)
[23:17:36] advance reason=letter ticks=7890 halted={"def":"NeutralEvent","label":"Blind healer","text":"A blind healer is approaching the colony.\n\nHe wants to talk. You can send a colonist to hear what he has to say.","target":"Thing_CreepJoiner89608","kind":"letter","armed_by":"until","tick":1951000,"detail":"Blind healer (NeutralEvent) arrived at tick 1951000 — the letter this advance was waiting for."}
[23:17:40] letters: Blind healer[NeutralEvent]
[23:17:43] BUILD HiTechResearchBench queued at 117,128 (100 steel + 10 components)
[23:17:49] advance reason=alert ticks=3375 halted={"id":"Alert_MinorBreakRisk","label":"Minor break risk","priority":"High","kind":"alert","armed_by":"default","tick":1954387,"detail":"Minor break risk (Alert_MinorBreakRisk, priority High) went ON at tick 1954387 — a standing condition the colony did not have a moment ago, so the advance stopped rather than running on. If this one should stop waking the run, `alert-mute {ids:[\"Alert_MinorBreakRisk\"], reason:\"<why>\"}` records that decision and `digest.alerts.muted` keeps it visible; `advance {through_news:\"<why>\"}` rides past every wake for ONE call."}
[23:17:55] BUILD HiTechResearchBench queued at 117,128 (100 steel + 10 components)
[23:18:08] advance reason=alert ticks=10088 halted={"id":"Alert_MinorBreakRisk","label":"Minor break risk x2","priority":"High","kind":"alert","armed_by":"default","tick":1964475,"detail":"Minor break risk x2 (Alert_MinorBreakRisk, priority High) went ON at tick 1964475 — a standing condition the colony did not have a moment ago, so the advance stopped rather than running on. If this one should stop waking the run, `alert-mute {ids:[\"Alert_MinorBreakRisk\"], reason:\"<why>\"}` records that decision and `digest.alerts.muted` keeps it visible; `advance {through_news:\"<why>\"}` rides past every wake for ONE call."}
[23:18:14] BUILD HiTechResearchBench queued at 117,128 (100 steel + 10 components)
[23:18:18] advance reason=casualty ticks=1608 halted={"kind":"casualty","event":"downed","pawn":"Jimmy","faction":"Southeastern Tedalor","player_faction":true,"tick":1966071,"pawn_id":323,"pawn_kind":"colonist","detail":"Jimmy (Southeastern Tedalor) went DOWN at tick 1966071 — the advance stopped here rather than running on. `triage` has the bleed clock, the rescuers and the exact `rescue` call; `advance {through_casualties:\"<why>\"}` rides past it deliberately."}
[23:18:18] !! CASUALTY - triaging
{"name":"Marco","verdict":"no-rescuer","margin":null,"act":null}
[23:18:26] BUILD HiTechResearchBench queued at 117,128 (100 steel + 10 components)
[23:18:46] advance reason=alert ticks=15795 halted={"id":"Alert_CreepJoinerTimeout","label":"Visitor ignored","priority":"High","kind":"alert","armed_by":"default","tick":1981878,"detail":"Visitor ignored (Alert_CreepJoinerTimeout, priority High) went ON at tick 1981878 — a standing condition the colony did not have a moment ago, so the advance stopped rather than running on. If this one should stop waking the run, `alert-mute {ids:[\"Alert_CreepJoinerTimeout\"], reason:\"<why>\"}` records that decision and `digest.alerts.muted` keeps it visible; `advance {through_news:\"<why>\"}` rides past every wake for ONE call."}
{"day":34,"t":1981878,"season":"Fall","food_days":11.5,"rot":13,"wood":642,"steel":51,"power":1000,"mood":[47,29,35,49],"posture_ok":false,"wc_ok":true,"threats":0,"alerts":["Alert_NeedWarmClothes","Alert_QuestExpiresSoon","Alert_MinorBreakRisk","Alert_CreepJoinerTimeout","Alert_RolesEmpty","Alert_TatteredApparel"]}
[23:18:48] SAVED day-34.rws (nearest autosave; no save verb exists)
daily ledger day 34: barracks-heat=ok freezer-below-zero=action armed-roster=action production-still-runs=ok apparel-margin=n/a
  chop designated: 25
  mine designated: 0
[23:19:06] BUILD HiTechResearchBench queued at 117,128 (100 steel + 10 components)
[23:19:41] advance reason=letter ticks=29136 halted={"def":"ThreatBig","label":"(*Name)Sean(/Name) hostile","text":"Upon being rejected, (*Name)Sean(/Name) flew into a murderous rage and began to attack!","target":"Thing_CreepJoiner89608","kind":"letter","armed_by":"until","tick":2011000,"detail":"(*Name)Sean(/Name) hostile (ThreatBig) arrived at tick 2011000 — the letter this advance was waiting for."}
[23:19:44] letters: (*Name)Sean(/Name) hostile[ThreatBig]
[23:19:45] !! THREAT: (*Name)Sean(/Name) hostile at tick 2011014
[23:19:45] SAVED threat-t2011014-NameSeanNamehostile.rws (nearest autosave; no save verb exists)
{"name":"Lacey","seek":false}
{"name":"Wouter","seek":false}
{"name":"Serenity","seek":false}
{"name":"Marco","seek":false}
[23:55:17] letters: Blindfolder role deactivated[NeutralEvent] | Interment of Perception opportunity for Wouter[NeutralEvent] | Death: Wouter[Death] | Man in black[PositiveEvent] | Death: Serenity[Death]
[23:55:25] BUILD HiTechResearchBench queued at 117,128 (100 steel + 10 components)
[23:55:43] advance reason=letter ticks=2707 halted={"def":"NewQuest","label":"Quest available: Carpenter's Nomads","text":"A new quest is available.\n\nThe quest is called 'Carpenter's Nomads'.\n\nIf you don't accept the quest within 6 days, it will expire.","kind":"letter","armed_by":"until","tick":2046000,"detail":"Quest available: Carpenter's Nomads (NewQuest) arrived at tick 2046000 — the letter this advance was waiting for."}
[23:55:46] letters: Quest available: Carpenter's Nomads[NewQuest]
[23:55:50] BUILD HiTechResearchBench queued at 117,128 (100 steel + 10 components)
[23:55:53] advance reason=alert ticks=1254 halted={"id":"Alert_MinorBreakRisk","label":"Minor break risk","priority":"High","kind":"alert","armed_by":"default","tick":2047254,"detail":"Minor break risk (Alert_MinorBreakRisk, priority High) went ON at tick 2047254 — a standing condition the colony did not have a moment ago, so the advance stopped rather than running on. If this one should stop waking the run, `alert-mute {ids:[\"Alert_MinorBreakRisk\"], reason:\"<why>\"}` records that decision and `digest.alerts.muted` keeps it visible; `advance {through_news:\"<why>\"}` rides past every wake for ONE call."}
[23:56:00] BUILD HiTechResearchBench queued at 117,128 (100 steel + 10 components)
[23:56:03] advance reason=alert ticks=809 halted={"id":"Alert_LifeThreateningHediff","label":"Medical emergency","priority":"Critical","kind":"alert","armed_by":"default","tick":2048063,"detail":"Medical emergency (Alert_LifeThreateningHediff, priority Critical) went ON at tick 2048063 — a standing condition the colony did not have a moment ago, so the advance stopped rather than running on. If this one should stop waking the run, `alert-mute {ids:[\"Alert_LifeThreateningHediff\"], reason:\"<why>\"}` records that decision and `digest.alerts.muted` keeps it visible; `advance {through_news:\"<why>\"}` rides past every wake for ONE call."}
[23:56:09] BUILD HiTechResearchBench queued at 117,128 (100 steel + 10 components)
[23:56:45] advance reason=letter ticks=26052 halted={"def":"NegativeEvent","label":"Food binge: Trev","text":"<color=#D09B61FF>Trev</color> is pigging out on food.\n\nThis happened because of poor mood.\n\nThe final straw was: Observed corpse","target":"Thing_Human91381","kind":"letter","armed_by":"until","tick":2074108,"detail":"Food binge: Trev (NegativeEvent) arrived at tick 2074108 — the letter this advance was waiting for."}
[23:56:48] letters: Food binge: Trev[NegativeEvent]
[23:56:52] BUILD HiTechResearchBench queued at 117,128 (100 steel + 10 components)
[23:57:02] advance reason=alert ticks=6745 halted={"id":"Alert_MajorOrExtremeBreakRisk","label":"Major break risk","priority":"Critical","kind":"alert","armed_by":"default","tick":2080860,"detail":"Major break risk (Alert_MajorOrExtremeBreakRisk, priority Critical) went ON at tick 2080860 — a standing condition the colony did not have a moment ago, so the advance stopped rather than running on. If this one should stop waking the run, `alert-mute {ids:[\"Alert_MajorOrExtremeBreakRisk\"], reason:\"<why>\"}` records that decision and `digest.alerts.muted` keeps it visible; `advance {through_news:\"<why>\"}` rides past every wake for ONE call."}
[23:57:08] BUILD HiTechResearchBench queued at 117,128 (100 steel + 10 components)
[23:57:33] advance reason=letter ticks=20140 halted={"def":"NewQuest","label":"Quest available: Royal Ascent","text":"A new quest is available.\n\nThe quest is called 'Royal Ascent'.","kind":"letter","armed_by":"until","tick":2101000,"detail":"Quest available: Royal Ascent (NewQuest) arrived at tick 2101000 — the letter this advance was waiting for."}
{"day":36,"t":2101000,"season":"Fall","food_days":4.7,"rot":13.3,"wood":241,"steel":0,"power":1000,"mood":[42,26,13],"posture_ok":false,"wc_ok":true,"threats":0,"alerts":["Alert_MajorOrExtremeBreakRisk","Alert_NeedWarmClothes","Alert_ColonistNeedsTend","Alert_LowMedicine","Alert_ColonistLeftUnburied","Alert_TatteredApparel","Alert_NeedResearchBench","Alert_DateRitualComing"]}
[23:57:36] SAVED day-36.rws (nearest autosave; no save verb exists)
daily ledger day 36: barracks-heat=ok freezer-below-zero=ok armed-roster=action production-still-runs=action apparel-margin=action
  chop designated: 25
  mine designated: 0
[23:59:19] letters: Quest available: Royal Ascent[NewQuest]
[23:59:23] BUILD HiTechResearchBench queued at 117,128 (100 steel + 10 components)
[23:59:54] advance reason=alert ticks=23978 halted={"id":"Alert_StarvationColonists","label":"Starvation","priority":"High","kind":"alert","armed_by":"default","tick":2124978,"detail":"Starvation (Alert_StarvationColonists, priority High) went ON at tick 2124978 — a standing condition the colony did not have a moment ago, so the advance stopped rather than running on. If this one should stop waking the run, `alert-mute {ids:[\"Alert_StarvationColonists\"], reason:\"<why>\"}` records that decision and `digest.alerts.muted` keeps it visible; `advance {through_news:\"<why>\"}` rides past every wake for ONE call."}
[00:00:22] advance reason=letter ticks=17522 halted={"def":"NeutralEvent","label":"High Festival opportunity","text":"Every year on 12th of Septober, <color=#D96767FF>Hyper-Therists</color> can have a special celebration.\n\nTo begin the ritual, select one of the following and click the 'Begin High Festival' command:\n  - A lit campfire\n  - Ritual spot\n\nExpires in <color=#87F6F6FF><color=#87F6F6FF>9 days</color></color>, on 5th of Decembary.","target":"null","kind":"letter","armed_by":"until","tick":2142500,"detail":"High Festival opportunity (NeutralEvent) arrived at tick 2142500 — the letter this advance was waiting for."}
[00:00:25] letters: High Festival opportunity[NeutralEvent]
[00:01:41] advance reason=casualty ticks=42077 halted={"kind":"casualty","event":"downed","pawn":"Lacey","faction":"Southeastern Tedalor","player_faction":true,"tick":2184569,"pawn_id":310,"pawn_kind":"colonist","detail":"Lacey (Southeastern Tedalor) went DOWN at tick 2184569 — the advance stopped here rather than running on. `triage` has the bleed clock, the rescuers and the exact `rescue` call; `advance {through_casualties:\"<why>\"}` rides past it deliberately."}
[00:01:41] !! CASUALTY - triaging
{"name":"Lacey","verdict":"no-deadline","margin":null,"act":{"pawn":91381,"target":310}}
{"name":"Marco","verdict":"no-rescuer","margin":null,"act":null}
{"ok":true,"job":"rescuing Lacey."}
{"day":37,"t":2184577,"season":"Fall","food_days":9.8,"rot":11.6,"wood":375,"steel":33,"power":1000,"mood":[0,28,67],"posture_ok":false,"wc_ok":false,"threats":0,"alerts":["Alert_ColonistNeedsRescuing","Alert_NeedWarmClothes","Alert_ColonistLeftUnburied","Alert_NeedMiner","Alert_TatteredApparel","Alert_NeedResearchBench"]}
[00:01:46] SAVED day-37.rws (nearest autosave; no save verb exists)
daily ledger day 37: barracks-heat=ok freezer-below-zero=n/a armed-roster=action production-still-runs=action apparel-margin=n/a
  chop designated: 29
  mine designated: 0
[00:02:00] letters: Catatonic: Lacey[NegativeEvent]
[00:02:41] advance reason=letter ticks=31432 halted={"def":"NegativeEvent","label":"Animal disease: Flu","text":"1 of your animals have gotten sick from flu.\n\nMake sure that they get proper treatment and rest as much as possible.\n\nThe following animals have gotten sick:\n\n  - <color=#D09B61FF>Yukiko</color>","target":"Thing_GuineaPig2520","kind":"letter","armed_by":"until","tick":2216000,"detail":"Animal disease: Flu (NegativeEvent) arrived at tick 2216000 — the letter this advance was waiting for."}
[00:02:45] letters: Animal disease: Flu[NegativeEvent]
[00:04:50] advance reason=timeout ticks=60014 halted=null
{"day":38,"t":2276023,"season":"Fall","food_days":9.8,"rot":10.1,"wood":330,"steel":33,"power":1000,"mood":[0,32,65],"posture_ok":false,"wc_ok":false,"threats":0,"alerts":["Alert_NeedWarmClothes","Alert_NeedMiner","Alert_TatteredApparel"]}
[00:04:52] SAVED day-38.rws (nearest autosave; no save verb exists)
daily ledger day 38: barracks-heat=ok freezer-below-zero=action armed-roster=action production-still-runs=action apparel-margin=n/a
  chop designated: 28
  mine designated: 0
[00:05:45] advance reason=alert ticks=29555 halted={"id":"Alert_MinorBreakRisk","label":"Minor break risk","priority":"High","kind":"alert","armed_by":"default","tick":2305578,"detail":"Minor break risk (Alert_MinorBreakRisk, priority High) went ON at tick 2305578 — a standing condition the colony did not have a moment ago, so the advance stopped rather than running on. If this one should stop waking the run, `alert-mute {ids:[\"Alert_MinorBreakRisk\"], reason:\"<why>\"}` records that decision and `digest.alerts.muted` keeps it visible; `advance {through_news:\"<why>\"}` rides past every wake for ONE call."}
{"day":39,"t":2305578,"season":"Fall","food_days":6.6,"rot":8.1,"wood":271,"steel":33,"power":1000,"mood":[0,20,35],"posture_ok":false,"wc_ok":false,"threats":0,"alerts":["Alert_NeedWarmClothes","Alert_NeedMiner","Alert_MinorBreakRisk","Alert_TatteredApparel"]}
[00:05:47] SAVED day-39.rws (nearest autosave; no save verb exists)
daily ledger day 39: barracks-heat=ok freezer-below-zero=action armed-roster=action production-still-runs=action apparel-margin=action
  chop designated: 28
  mine designated: 0
[00:06:15] advance reason=alert ticks=5536 halted={"id":"Alert_MajorOrExtremeBreakRisk","label":"Major break risk","priority":"Critical","kind":"alert","armed_by":"default","tick":2311114,"detail":"Major break risk (Alert_MajorOrExtremeBreakRisk, priority Critical) went ON at tick 2311114 — a standing condition the colony did not have a moment ago, so the advance stopped rather than running on. If this one should stop waking the run, `alert-mute {ids:[\"Alert_MajorOrExtremeBreakRisk\"], reason:\"<why>\"}` records that decision and `digest.alerts.muted` keeps it visible; `advance {through_news:\"<why>\"}` rides past every wake for ONE call."}
[00:06:27] advance reason=alert ticks=3717 halted={"id":"Alert_MajorOrExtremeBreakRisk","label":"Major break risk","priority":"Critical","kind":"alert","armed_by":"default","tick":2314831,"detail":"Major break risk (Alert_MajorOrExtremeBreakRisk, priority Critical) went ON at tick 2314831 — a standing condition the colony did not have a moment ago, so the advance stopped rather than running on. If this one should stop waking the run, `alert-mute {ids:[\"Alert_MajorOrExtremeBreakRisk\"], reason:\"<why>\"}` records that decision and `digest.alerts.muted` keeps it visible; `advance {through_news:\"<why>\"}` rides past every wake for ONE call."}
[00:06:39] advance reason=alert ticks=2779 halted={"id":"Alert_MinorBreakRisk","label":"Minor break risk","priority":"High","kind":"alert","armed_by":"default","tick":2317610,"detail":"Minor break risk (Alert_MinorBreakRisk, priority High) went ON at tick 2317610 — a standing condition the colony did not have a moment ago, so the advance stopped rather than running on. If this one should stop waking the run, `alert-mute {ids:[\"Alert_MinorBreakRisk\"], reason:\"<why>\"}` records that decision and `digest.alerts.muted` keeps it visible; `advance {through_news:\"<why>\"}` rides past every wake for ONE call."}
[00:06:47] advance reason=alert ticks=856 halted={"id":"Alert_MajorOrExtremeBreakRisk","label":"Major break risk","priority":"Critical","kind":"alert","armed_by":"default","tick":2318466,"detail":"Major break risk (Alert_MajorOrExtremeBreakRisk, priority Critical) went ON at tick 2318466 — a standing condition the colony did not have a moment ago, so the advance stopped rather than running on. If this one should stop waking the run, `alert-mute {ids:[\"Alert_MajorOrExtremeBreakRisk\"], reason:\"<why>\"}` records that decision and `digest.alerts.muted` keeps it visible; `advance {through_news:\"<why>\"}` rides past every wake for ONE call."}
[00:06:57] advance reason=alert ticks=2617 halted={"id":"Alert_MinorBreakRisk","label":"Minor break risk","priority":"High","kind":"alert","armed_by":"default","tick":2321083,"detail":"Minor break risk (Alert_MinorBreakRisk, priority High) went ON at tick 2321083 — a standing condition the colony did not have a moment ago, so the advance stopped rather than running on. If this one should stop waking the run, `alert-mute {ids:[\"Alert_MinorBreakRisk\"], reason:\"<why>\"}` records that decision and `digest.alerts.muted` keeps it visible; `advance {through_news:\"<why>\"}` rides past every wake for ONE call."}
[00:07:09] advance reason=alert ticks=3864 halted={"id":"Alert_QuestExpiresSoon","label":"Quest expires in 24 hours","priority":"High","kind":"alert","armed_by":"default","tick":2324947,"detail":"Quest expires in 24 hours (Alert_QuestExpiresSoon, priority High) went ON at tick 2324947 — a standing condition the colony did not have a moment ago, so the advance stopped rather than running on. If this one should stop waking the run, `alert-mute {ids:[\"Alert_QuestExpiresSoon\"], reason:\"<why>\"}` records that decision and `digest.alerts.muted` keeps it visible; `advance {through_news:\"<why>\"}` rides past every wake for ONE call."}
[00:07:31] advance reason=alert ticks=12784 halted={"id":"Alert_MajorOrExtremeBreakRisk","label":"Extreme break risk","priority":"Critical","kind":"alert","armed_by":"default","tick":2337731,"detail":"Extreme break risk (Alert_MajorOrExtremeBreakRisk, priority Critical) went ON at tick 2337731 — a standing condition the colony did not have a moment ago, so the advance stopped rather than running on. If this one should stop waking the run, `alert-mute {ids:[\"Alert_MajorOrExtremeBreakRisk\"], reason:\"<why>\"}` records that decision and `digest.alerts.muted` keeps it visible; `advance {through_news:\"<why>\"}` rides past every wake for ONE call."}
[00:07:45] advance reason=alert ticks=4454 halted={"id":"Alert_MinorBreakRisk","label":"Minor break risk x2","priority":"High","kind":"alert","armed_by":"default","tick":2342185,"detail":"Minor break risk x2 (Alert_MinorBreakRisk, priority High) went ON at tick 2342185 — a standing condition the colony did not have a moment ago, so the advance stopped rather than running on. If this one should stop waking the run, `alert-mute {ids:[\"Alert_MinorBreakRisk\"], reason:\"<why>\"}` records that decision and `digest.alerts.muted` keeps it visible; `advance {through_news:\"<why>\"}` rides past every wake for ONE call."}
{"day":40,"t":2342185,"season":"Fall","food_days":5.6,"rot":7.1,"wood":271,"steel":33,"power":1000,"mood":[23,24,24],"posture_ok":false,"wc_ok":true,"threats":0,"alerts":["Alert_NeedWarmClothes","Alert_QuestExpiresSoon","Alert_MinorBreakRisk","Alert_TatteredApparel"]}
[00:07:47] SAVED day-40.rws (nearest autosave; no save verb exists)
daily ledger day 40: barracks-heat=ok freezer-below-zero=action armed-roster=action production-still-runs=action apparel-margin=n/a
  chop designated: 26
  mine designated: 0
[00:08:30] advance reason=alert ticks=21490 halted={"id":"Alert_MinorBreakRisk","label":"Minor break risk","priority":"High","kind":"alert","armed_by":"default","tick":2363675,"detail":"Minor break risk (Alert_MinorBreakRisk, priority High) went ON at tick 2363675 — a standing condition the colony did not have a moment ago, so the advance stopped rather than running on. If this one should stop waking the run, `alert-mute {ids:[\"Alert_MinorBreakRisk\"], reason:\"<why>\"}` records that decision and `digest.alerts.muted` keeps it visible; `advance {through_news:\"<why>\"}` rides past every wake for ONE call."}
[00:08:51] advance reason=alert ticks=10707 halted={"id":"Alert_MinorBreakRisk","label":"Minor break risk","priority":"High","kind":"alert","armed_by":"default","tick":2374382,"detail":"Minor break risk (Alert_MinorBreakRisk, priority High) went ON at tick 2374382 — a standing condition the colony did not have a moment ago, so the advance stopped rather than running on. If this one should stop waking the run, `alert-mute {ids:[\"Alert_MinorBreakRisk\"], reason:\"<why>\"}` records that decision and `digest.alerts.muted` keeps it visible; `advance {through_news:\"<why>\"}` rides past every wake for ONE call."}
[00:10:07] advance reason=alert ticks=41885 halted={"id":"Alert_MinorBreakRisk","label":"Minor break risk","priority":"High","kind":"alert","armed_by":"default","tick":2416267,"detail":"Minor break risk (Alert_MinorBreakRisk, priority High) went ON at tick 2416267 — a standing condition the colony did not have a moment ago, so the advance stopped rather than running on. If this one should stop waking the run, `alert-mute {ids:[\"Alert_MinorBreakRisk\"], reason:\"<why>\"}` records that decision and `digest.alerts.muted` keeps it visible; `advance {through_news:\"<why>\"}` rides past every wake for ONE call."}
{"day":41,"t":2416267,"season":"Winter","food_days":6.4,"rot":7.9,"wood":271,"steel":33,"power":1000,"mood":[34,34,43],"posture_ok":false,"wc_ok":true,"threats":0,"alerts":["Alert_NeedWarmClothes","Alert_MinorBreakRisk","Alert_TatteredApparel"]}
[00:10:09] SAVED day-41.rws (nearest autosave; no save verb exists)
daily ledger day 41: barracks-heat=ok freezer-below-zero=ok armed-roster=action production-still-runs=action apparel-margin=n/a
  chop designated: 26
  mine designated: 0
[00:10:35] advance reason=letter ticks=6112 halted={"def":"PositiveEvent","label":"Visitor","text":"A vengeful hunter from The Ioas Nation is visiting the colony.\n\nHe is named (*Name)Purple Rocroi(/Name).","target":"Thing_Human98422","faction":"The Ioas Nation","kind":"letter","armed_by":"until","tick":2422379,"detail":"Visitor (PositiveEvent) arrived at tick 2422379 — the letter this advance was waiting for."}
[00:10:38] letters: Visitor[PositiveEvent]
[00:10:46] advance reason=alert ticks=2044 halted={"id":"Alert_MajorOrExtremeBreakRisk","label":"Major break risk","priority":"Critical","kind":"alert","armed_by":"default","tick":2424423,"detail":"Major break risk (Alert_MajorOrExtremeBreakRisk, priority Critical) went ON at tick 2424423 — a standing condition the colony did not have a moment ago, so the advance stopped rather than running on. If this one should stop waking the run, `alert-mute {ids:[\"Alert_MajorOrExtremeBreakRisk\"], reason:\"<why>\"}` records that decision and `digest.alerts.muted` keeps it visible; `advance {through_news:\"<why>\"}` rides past every wake for ONE call."}
[00:10:56] advance reason=alert ticks=2017 halted={"id":"Alert_MinorBreakRisk","label":"Minor break risk","priority":"High","kind":"alert","armed_by":"default","tick":2426440,"detail":"Minor break risk (Alert_MinorBreakRisk, priority High) went ON at tick 2426440 — a standing condition the colony did not have a moment ago, so the advance stopped rather than running on. If this one should stop waking the run, `alert-mute {ids:[\"Alert_MinorBreakRisk\"], reason:\"<why>\"}` records that decision and `digest.alerts.muted` keeps it visible; `advance {through_news:\"<why>\"}` rides past every wake for ONE call."}
[00:11:10] advance reason=alert ticks=5529 halted={"id":"Alert_MinorBreakRisk","label":"Minor break risk","priority":"High","kind":"alert","armed_by":"default","tick":2431969,"detail":"Minor break risk (Alert_MinorBreakRisk, priority High) went ON at tick 2431969 — a standing condition the colony did not have a moment ago, so the advance stopped rather than running on. If this one should stop waking the run, `alert-mute {ids:[\"Alert_MinorBreakRisk\"], reason:\"<why>\"}` records that decision and `digest.alerts.muted` keeps it visible; `advance {through_news:\"<why>\"}` rides past every wake for ONE call."}
[00:11:20] advance reason=alert ticks=1842 halted={"id":"Alert_MinorBreakRisk","label":"Minor break risk","priority":"High","kind":"alert","armed_by":"default","tick":2433811,"detail":"Minor break risk (Alert_MinorBreakRisk, priority High) went ON at tick 2433811 — a standing condition the colony did not have a moment ago, so the advance stopped rather than running on. If this one should stop waking the run, `alert-mute {ids:[\"Alert_MinorBreakRisk\"], reason:\"<why>\"}` records that decision and `digest.alerts.muted` keeps it visible; `advance {through_news:\"<why>\"}` rides past every wake for ONE call."}
[00:11:32] advance reason=alert ticks=3637 halted={"id":"Alert_MinorBreakRisk","label":"Minor break risk","priority":"High","kind":"alert","armed_by":"default","tick":2437448,"detail":"Minor break risk (Alert_MinorBreakRisk, priority High) went ON at tick 2437448 — a standing condition the colony did not have a moment ago, so the advance stopped rather than running on. If this one should stop waking the run, `alert-mute {ids:[\"Alert_MinorBreakRisk\"], reason:\"<why>\"}` records that decision and `digest.alerts.muted` keeps it visible; `advance {through_news:\"<why>\"}` rides past every wake for ONE call."}
[00:12:14] advance reason=alert ticks=29437 halted={"id":"Alert_MinorBreakRisk","label":"Minor break risk","priority":"High","kind":"alert","armed_by":"default","tick":2466885,"detail":"Minor break risk (Alert_MinorBreakRisk, priority High) went ON at tick 2466885 — a standing condition the colony did not have a moment ago, so the advance stopped rather than running on. If this one should stop waking the run, `alert-mute {ids:[\"Alert_MinorBreakRisk\"], reason:\"<why>\"}` records that decision and `digest.alerts.muted` keeps it visible; `advance {through_news:\"<why>\"}` rides past every wake for ONE call."}
{"day":42,"t":2466885,"season":"Winter","food_days":6.6,"rot":8.1,"wood":154,"steel":33,"power":1000,"mood":[35,33,69],"posture_ok":false,"wc_ok":true,"threats":0,"alerts":["Alert_NeedWarmClothes","Alert_MinorBreakRisk","Alert_TatteredApparel"]}
[00:12:16] SAVED day-42.rws (nearest autosave; no save verb exists)
daily ledger day 42: barracks-heat=ok freezer-below-zero=action armed-roster=action production-still-runs=ok apparel-margin=action
  chop designated: 27
  mine designated: 0
[00:12:47] advance reason=alert ticks=8291 halted={"id":"Alert_MinorBreakRisk","label":"Minor break risk","priority":"High","kind":"alert","armed_by":"default","tick":2475176,"detail":"Minor break risk (Alert_MinorBreakRisk, priority High) went ON at tick 2475176 — a standing condition the colony did not have a moment ago, so the advance stopped rather than running on. If this one should stop waking the run, `alert-mute {ids:[\"Alert_MinorBreakRisk\"], reason:\"<why>\"}` records that decision and `digest.alerts.muted` keeps it visible; `advance {through_news:\"<why>\"}` rides past every wake for ONE call."}
[00:13:19] advance reason=alert ticks=21621 halted={"id":"Alert_MinorBreakRisk","label":"Minor break risk","priority":"High","kind":"alert","armed_by":"default","tick":2496797,"detail":"Minor break risk (Alert_MinorBreakRisk, priority High) went ON at tick 2496797 — a standing condition the colony did not have a moment ago, so the advance stopped rather than running on. If this one should stop waking the run, `alert-mute {ids:[\"Alert_MinorBreakRisk\"], reason:\"<why>\"}` records that decision and `digest.alerts.muted` keeps it visible; `advance {through_news:\"<why>\"}` rides past every wake for ONE call."}
[00:14:04] advance reason=alert ticks=30711 halted={"id":"Alert_MinorBreakRisk","label":"Minor break risk","priority":"High","kind":"alert","armed_by":"default","tick":2527508,"detail":"Minor break risk (Alert_MinorBreakRisk, priority High) went ON at tick 2527508 — a standing condition the colony did not have a moment ago, so the advance stopped rather than running on. If this one should stop waking the run, `alert-mute {ids:[\"Alert_MinorBreakRisk\"], reason:\"<why>\"}` records that decision and `digest.alerts.muted` keeps it visible; `advance {through_news:\"<why>\"}` rides past every wake for ONE call."}
{"day":43,"t":2527508,"season":"Winter","food_days":5.5,"rot":7,"wood":154,"steel":33,"power":1000,"mood":[40,34,42],"posture_ok":false,"wc_ok":true,"threats":0,"alerts":["Alert_NeedWarmClothes","Alert_MinorBreakRisk","Alert_TatteredApparel"]}
[00:14:07] SAVED day-43.rws (nearest autosave; no save verb exists)
daily ledger day 43: barracks-heat=ok freezer-below-zero=ok armed-roster=action production-still-runs=ok apparel-margin=n/a
  chop designated: 26
  mine designated: 0
[00:14:49] advance reason=alert ticks=20167 halted={"id":"Alert_MajorOrExtremeBreakRisk","label":"Major break risk","priority":"Critical","kind":"alert","armed_by":"default","tick":2547675,"detail":"Major break risk (Alert_MajorOrExtremeBreakRisk, priority Critical) went ON at tick 2547675 — a standing condition the colony did not have a moment ago, so the advance stopped rather than running on. If this one should stop waking the run, `alert-mute {ids:[\"Alert_MajorOrExtremeBreakRisk\"], reason:\"<why>\"}` records that decision and `digest.alerts.muted` keeps it visible; `advance {through_news:\"<why>\"}` rides past every wake for ONE call."}
[00:14:58] advance reason=alert ticks=839 halted={"id":"Alert_MinorBreakRisk","label":"Minor break risk","priority":"High","kind":"alert","armed_by":"default","tick":2548514,"detail":"Minor break risk (Alert_MinorBreakRisk, priority High) went ON at tick 2548514 — a standing condition the colony did not have a moment ago, so the advance stopped rather than running on. If this one should stop waking the run, `alert-mute {ids:[\"Alert_MinorBreakRisk\"], reason:\"<why>\"}` records that decision and `digest.alerts.muted` keeps it visible; `advance {through_news:\"<why>\"}` rides past every wake for ONE call."}
[00:15:10] advance reason=alert ticks=4324 halted={"id":"Alert_MajorOrExtremeBreakRisk","label":"Major break risk","priority":"Critical","kind":"alert","armed_by":"default","tick":2552838,"detail":"Major break risk (Alert_MajorOrExtremeBreakRisk, priority Critical) went ON at tick 2552838 — a standing condition the colony did not have a moment ago, so the advance stopped rather than running on. If this one should stop waking the run, `alert-mute {ids:[\"Alert_MajorOrExtremeBreakRisk\"], reason:\"<why>\"}` records that decision and `digest.alerts.muted` keeps it visible; `advance {through_news:\"<why>\"}` rides past every wake for ONE call."}
[00:15:23] advance reason=letter ticks=4052 halted={"def":"NegativeEvent","label":"Daze: Lacey","text":"<color=#D09B61FF>Lacey</color> is wandering around in a psychotic state.\n\nThis happened because of poor mood.\n\nThe final straw was: My friend Jimmy lost","target":"Thing_Human310","kind":"letter","armed_by":"until","tick":2556869,"detail":"Daze: Lacey (NegativeEvent) arrived at tick 2556869 — the letter this advance was waiting for."}
[00:15:26] letters: Daze: Lacey[NegativeEvent]
[00:15:43] advance reason=alert ticks=10457 halted={"id":"Alert_LowFood","label":"Low food","priority":"High","kind":"alert","armed_by":"default","tick":2567347,"detail":"Low food (Alert_LowFood, priority High) went ON at tick 2567347 — a standing condition the colony did not have a moment ago, so the advance stopped rather than running on. If this one should stop waking the run, `alert-mute {ids:[\"Alert_LowFood\"], reason:\"<why>\"}` records that decision and `digest.alerts.muted` keeps it visible; `advance {through_news:\"<why>\"}` rides past every wake for ONE call."}
[00:15:54] advance reason=alert ticks=2868 halted={"id":"Alert_HypothermicAnimals","label":"Hypothermic wild animals (debug)","priority":"Medium","kind":"alert","armed_by":"default","tick":2570215,"detail":"Hypothermic wild animals (debug) (Alert_HypothermicAnimals, priority Medium) went ON at tick 2570215 — a standing condition the colony did not have a moment ago, so the advance stopped rather than running on. If this one should stop waking the run, `alert-mute {ids:[\"Alert_HypothermicAnimals\"], reason:\"<why>\"}` records that decision and `digest.alerts.muted` keeps it visible; `advance {through_news:\"<why>\"}` rides past every wake for ONE call."}
[00:16:18] advance reason=letter ticks=13797 halted={"def":"ThreatSmall","label":"Mad gazelle","text":"A local gazelle has gone mad. It will attack everyone it sees.","target":"Thing_Gazelle66959","kind":"letter","armed_by":"until","tick":2584000,"detail":"Mad gazelle (ThreatSmall) arrived at tick 2584000 — the letter this advance was waiting for."}
{"day":44,"t":2584012,"season":"Winter","food_days":4.6,"rot":5.8,"wood":64,"steel":33,"power":1000,"mood":[40,6,51],"posture_ok":false,"wc_ok":true,"threats":1,"alerts":["Alert_NeedWarmClothes","Alert_TatteredApparel","Alert_HypothermicAnimals"]}
[00:16:21] SAVED day-44.rws (nearest autosave; no save verb exists)
daily ledger day 44: barracks-heat=ok freezer-below-zero=action armed-roster=action production-still-runs=ok apparel-margin=n/a
  chop designated: 26
  mine designated: 0
[00:16:34] letters: Mad gazelle[ThreatSmall]
[00:16:36] !! THREAT: Mad gazelle at tick 2584012
[00:16:36] SAVED threat-t2584012-Madgazelle.rws (nearest autosave; no save verb exists)
{"name":"Lacey","seek":false}
{"name":"Marco","seek":false}
{"name":"Trev","seek":true}
[00:17:11] advance reason=alert ticks=4241 halted={"id":"Alert_LowMedicine","label":"Low medicine","priority":"High","kind":"alert","armed_by":"default","tick":2588253,"detail":"Low medicine (Alert_LowMedicine, priority High) went ON at tick 2588253 — a standing condition the colony did not have a moment ago, so the advance stopped rather than running on. If this one should stop waking the run, `alert-mute {ids:[\"Alert_LowMedicine\"], reason:\"<why>\"}` records that decision and `digest.alerts.muted` keeps it visible; `advance {through_news:\"<why>\"}` rides past every wake for ONE call."}
[00:17:40] advance reason=alert ticks=18725 halted={"id":"Alert_LowFood","label":"Low food","priority":"High","kind":"alert","armed_by":"default","tick":2606978,"detail":"Low food (Alert_LowFood, priority High) went ON at tick 2606978 — a standing condition the colony did not have a moment ago, so the advance stopped rather than running on. If this one should stop waking the run, `alert-mute {ids:[\"Alert_LowFood\"], reason:\"<why>\"}` records that decision and `digest.alerts.muted` keeps it visible; `advance {through_news:\"<why>\"}` rides past every wake for ONE call."}
[00:18:02] advance reason=letter ticks=12022 halted={"def":"NewQuest","label":"Quest active: Breaking Jimmy Out","text":"A new quest is available.\n\nThe quest is called 'Breaking Jimmy Out'.\n\nIt will expire in 23 days.","kind":"letter","armed_by":"until","tick":2619000,"detail":"Quest active: Breaking Jimmy Out (NewQuest) arrived at tick 2619000 — the letter this advance was waiting for."}
[00:18:05] letters: Quest active: Breaking Jimmy Out[NewQuest]
[00:18:22] advance reason=letter ticks=10026 halted={"def":"ThreatBig","label":"Shambler approaches","text":"A shambling, rotting corpse is approaching. Some inhuman force has reanimated this lifeless body and set it to murder.\n\nIt will now wander through the area. If it sees a human, it will attack. If not, it will leave in a few days.\n\nIf you can capture it, you can study it for anomaly knowledge.","target":"Thing_Human102268","kind":"letter","armed_by":"until","tick":2629000,"detail":"Shambler approaches (ThreatBig) arrived at tick 2629000 — the letter this advance was waiting for."}
[00:18:25] letters: Shambler approaches[ThreatBig]
[00:18:26] !! THREAT: Shambler approaches at tick 2629026
[00:18:26] SAVED threat-t2629026-Shamblerapproaches.rws (nearest autosave; no save verb exists)
{"name":"Lacey","seek":false}
{"name":"Marco","seek":false}
{"name":"Trev","seek":true}
[00:18:57] advance reason=alert ticks=16967 halted={"id":"Alert_MajorOrExtremeBreakRisk","label":"Extreme break risk","priority":"Critical","kind":"alert","armed_by":"default","tick":2645993,"detail":"Extreme break risk (Alert_MajorOrExtremeBreakRisk, priority Critical) went ON at tick 2645993 — a standing condition the colony did not have a moment ago, so the advance stopped rather than running on. If this one should stop waking the run, `alert-mute {ids:[\"Alert_MajorOrExtremeBreakRisk\"], reason:\"<why>\"}` records that decision and `digest.alerts.muted` keeps it visible; `advance {through_news:\"<why>\"}` rides past every wake for ONE call."}
{"day":45,"t":2645993,"season":"Winter","food_days":3.5,"rot":4.7,"wood":0,"steel":33,"power":1000,"mood":[29,2,46],"posture_ok":false,"wc_ok":true,"threats":1,"alerts":["Alert_MajorOrExtremeBreakRisk","Alert_NeedWarmClothes","Alert_LowFood","Alert_TatteredApparel"]}
[00:18:59] SAVED day-45.rws (nearest autosave; no save verb exists)
daily ledger day 45: barracks-heat=ok freezer-below-zero=ok armed-roster=action production-still-runs=ok apparel-margin=action
  chop designated: 27
  mine designated: 0
[00:19:23] advance reason=letter ticks=2011 halted={"def":"NegativeEvent","label":"Psychic drone: Low (male)","text":"Every male colonist feels a wave of anxiety and anger!\n\nSome distant engine of hatred is stirring. It is projecting a psychic drone onto this site through an orbital amplifier, tuned to only affect males. For a few days, some people's mood will be quite a bit worse.\n\nThe drone level is low.","kind":"letter","armed_by":"until","tick":2648000,"detail":"Psychic drone: Low (male) (NegativeEvent) arrived at tick 2648000 — the letter this advance was waiting for."}
[00:19:26] letters: Psychic drone: Low (male)[NegativeEvent]
[00:19:35] advance reason=alert ticks=2653 halted={"id":"Alert_MinorBreakRisk","label":"Minor break risk","priority":"High","kind":"alert","armed_by":"default","tick":2650657,"detail":"Minor break risk (Alert_MinorBreakRisk, priority High) went ON at tick 2650657 — a standing condition the colony did not have a moment ago, so the advance stopped rather than running on. If this one should stop waking the run, `alert-mute {ids:[\"Alert_MinorBreakRisk\"], reason:\"<why>\"}` records that decision and `digest.alerts.muted` keeps it visible; `advance {through_news:\"<why>\"}` rides past every wake for ONE call."}
[00:20:10] advance reason=alert ticks=22724 halted={"id":"Alert_MajorOrExtremeBreakRisk","label":"Major break risk","priority":"Critical","kind":"alert","armed_by":"default","tick":2673381,"detail":"Major break risk (Alert_MajorOrExtremeBreakRisk, priority Critical) went ON at tick 2673381 — a standing condition the colony did not have a moment ago, so the advance stopped rather than running on. If this one should stop waking the run, `alert-mute {ids:[\"Alert_MajorOrExtremeBreakRisk\"], reason:\"<why>\"}` records that decision and `digest.alerts.muted` keeps it visible; `advance {through_news:\"<why>\"}` rides past every wake for ONE call."}
[00:20:50] advance reason=alert ticks=9615 halted={"id":"Alert_MinorBreakRisk","label":"Minor break risk","priority":"High","kind":"alert","armed_by":"default","tick":2682996,"detail":"Minor break risk (Alert_MinorBreakRisk, priority High) went ON at tick 2682996 — a standing condition the colony did not have a moment ago, so the advance stopped rather than running on. If this one should stop waking the run, `alert-mute {ids:[\"Alert_MinorBreakRisk\"], reason:\"<why>\"}` records that decision and `digest.alerts.muted` keeps it visible; `advance {through_news:\"<why>\"}` rides past every wake for ONE call."}
[00:21:01] advance reason=alert ticks=240 halted={"id":"Alert_ColonistNeedsTend","label":"Medical treatment needed","priority":"High","kind":"alert","armed_by":"default","tick":2683236,"detail":"Medical treatment needed (Alert_ColonistNeedsTend, priority High) went ON at tick 2683236 — a standing condition the colony did not have a moment ago, so the advance stopped rather than running on. If this one should stop waking the run, `alert-mute {ids:[\"Alert_ColonistNeedsTend\"], reason:\"<why>\"}` records that decision and `digest.alerts.muted` keeps it visible; `advance {through_news:\"<why>\"}` rides past every wake for ONE call."}
[00:21:31] advance reason=alert ticks=1767 halted={"id":"Alert_MajorOrExtremeBreakRisk","label":"Major break risk","priority":"Critical","kind":"alert","armed_by":"default","tick":2685003,"detail":"Major break risk (Alert_MajorOrExtremeBreakRisk, priority Critical) went ON at tick 2685003 — a standing condition the colony did not have a moment ago, so the advance stopped rather than running on. If this one should stop waking the run, `alert-mute {ids:[\"Alert_MajorOrExtremeBreakRisk\"], reason:\"<why>\"}` records that decision and `digest.alerts.muted` keeps it visible; `advance {through_news:\"<why>\"}` rides past every wake for ONE call."}
[00:21:59] advance reason=letter ticks=17767 halted={"def":"NegativeEvent","label":"Corpse obsession: Trev","text":"<color=#D09B61FF>Trev</color> has broken inside and become obsessed with corpses.\n\nHe is going to find a corpse and present it for all to see.\n\nThis happened because of poor mood.\n\nThe final straw was: I am disliked xenotype","target":"Thing_Human91381","kind":"letter","armed_by":"until","tick":2702758,"detail":"Corpse obsession: Trev (NegativeEvent) arrived at tick 2702758 — the letter this advance was waiting for."}
{"day":46,"t":2702770,"season":"Winter","food_days":3.2,"rot":3.8,"wood":0,"steel":33,"power":1000,"mood":[11,15,51],"posture_ok":false,"wc_ok":true,"threats":0,"alerts":["Alert_NeedWarmClothes","Alert_LowFood","Alert_ColonistNeedsTend","Alert_TatteredApparel"]}
[00:22:02] SAVED day-46.rws (nearest autosave; no save verb exists)
daily ledger day 46: barracks-heat=ok freezer-below-zero=action armed-roster=action production-still-runs=ok apparel-margin=n/a
  chop designated: 28
  mine designated: 4
[00:22:16] letters: Corpse obsession: Trev[NegativeEvent]
[00:22:23] advance reason=alert ticks=1983 halted={"id":"Alert_ColonistLeftUnburied","label":"Colonist left unburied","priority":"High","kind":"alert","armed_by":"default","tick":2704753,"detail":"Colonist left unburied (Alert_ColonistLeftUnburied, priority High) went ON at tick 2704753 — a standing condition the colony did not have a moment ago, so the advance stopped rather than running on. If this one should stop waking the run, `alert-mute {ids:[\"Alert_ColonistLeftUnburied\"], reason:\"<why>\"}` records that decision and `digest.alerts.muted` keeps it visible; `advance {through_news:\"<why>\"}` rides past every wake for ONE call."}
[00:22:54] advance reason=alert ticks=19660 halted={"id":"Alert_StarvationColonists","label":"Starvation","priority":"High","kind":"alert","armed_by":"default","tick":2724413,"detail":"Starvation (Alert_StarvationColonists, priority High) went ON at tick 2724413 — a standing condition the colony did not have a moment ago, so the advance stopped rather than running on. If this one should stop waking the run, `alert-mute {ids:[\"Alert_StarvationColonists\"], reason:\"<why>\"}` records that decision and `digest.alerts.muted` keeps it visible; `advance {through_news:\"<why>\"}` rides past every wake for ONE call."}
[00:23:35] advance reason=alert ticks=29418 halted={"id":"Alert_MajorOrExtremeBreakRisk","label":"Extreme break risk","priority":"Critical","kind":"alert","armed_by":"default","tick":2753831,"detail":"Extreme break risk (Alert_MajorOrExtremeBreakRisk, priority Critical) went ON at tick 2753831 — a standing condition the colony did not have a moment ago, so the advance stopped rather than running on. If this one should stop waking the run, `alert-mute {ids:[\"Alert_MajorOrExtremeBreakRisk\"], reason:\"<why>\"}` records that decision and `digest.alerts.muted` keeps it visible; `advance {through_news:\"<why>\"}` rides past every wake for ONE call."}
[00:24:02] advance reason=alert ticks=16327 halted={"id":"Alert_MinorBreakRisk","label":"Minor break risk","priority":"High","kind":"alert","armed_by":"default","tick":2770158,"detail":"Minor break risk (Alert_MinorBreakRisk, priority High) went ON at tick 2770158 — a standing condition the colony did not have a moment ago, so the advance stopped rather than running on. If this one should stop waking the run, `alert-mute {ids:[\"Alert_MinorBreakRisk\"], reason:\"<why>\"}` records that decision and `digest.alerts.muted` keeps it visible; `advance {through_news:\"<why>\"}` rides past every wake for ONE call."}
{"day":47,"t":2770158,"season":"Winter","food_days":2.4,"rot":2.7,"wood":0,"steel":33,"power":1000,"mood":[14,24,53],"posture_ok":false,"wc_ok":true,"threats":0,"alerts":["Alert_NeedWarmClothes","Alert_LowFood","Alert_ColonistNeedsTend","Alert_ColonistLeftUnburied","Alert_MinorBreakRisk","Alert_TatteredApparel"]}
[00:24:05] SAVED day-47.rws (nearest autosave; no save verb exists)
daily ledger day 47: barracks-heat=ok freezer-below-zero=action armed-roster=action production-still-runs=ok apparel-margin=n/a
  chop designated: 26
  mine designated: 0
[00:25:00] advance reason=letter ticks=28842 halted={"def":"NewQuest","label":"Quest available: Shelter for a Friend","text":"A new quest is available.\n\nThe quest is called 'Shelter for a Friend'.\n\nIf you don't accept the quest within 6 days, it will expire.","kind":"letter","armed_by":"until","tick":2799000,"detail":"Quest available: Shelter for a Friend (NewQuest) arrived at tick 2799000 — the letter this advance was waiting for."}
[00:25:03] letters: Quest available: Shelter for a Friend[NewQuest]
[00:25:56] advance reason=alert ticks=34135 halted={"id":"Alert_MinorBreakRisk","label":"Minor break risk","priority":"High","kind":"alert","armed_by":"default","tick":2833135,"detail":"Minor break risk (Alert_MinorBreakRisk, priority High) went ON at tick 2833135 — a standing condition the colony did not have a moment ago, so the advance stopped rather than running on. If this one should stop waking the run, `alert-mute {ids:[\"Alert_MinorBreakRisk\"], reason:\"<why>\"}` records that decision and `digest.alerts.muted` keeps it visible; `advance {through_news:\"<why>\"}` rides past every wake for ONE call."}
{"day":48,"t":2833135,"season":"Winter","food_days":0.6,"rot":0.9,"wood":0,"steel":33,"power":1000,"mood":[22,34,52],"posture_ok":false,"wc_ok":true,"threats":0,"alerts":["Alert_NeedWarmClothes","Alert_LowFood","Alert_ColonistLeftUnburied","Alert_MinorBreakRisk","Alert_TatteredApparel"]}
[00:25:58] SAVED day-48.rws (nearest autosave; no save verb exists)
daily ledger day 48: barracks-heat=ok freezer-below-zero=action armed-roster=action production-still-runs=ok apparel-margin=action
  chop designated: 32
  mine designated: 0
[00:26:26] advance reason=alert ticks=5383 halted={"id":"Alert_MajorOrExtremeBreakRisk","label":"Major break risk","priority":"Critical","kind":"alert","armed_by":"default","tick":2838518,"detail":"Major break risk (Alert_MajorOrExtremeBreakRisk, priority Critical) went ON at tick 2838518 — a standing condition the colony did not have a moment ago, so the advance stopped rather than running on. If this one should stop waking the run, `alert-mute {ids:[\"Alert_MajorOrExtremeBreakRisk\"], reason:\"<why>\"}` records that decision and `digest.alerts.muted` keeps it visible; `advance {through_news:\"<why>\"}` rides past every wake for ONE call."}
[00:26:43] advance reason=letter ticks=7509 halted={"def":"NegativeEvent","label":"Solar flare","text":"A solar flare has begun.\n\nThe intense radiation will shut down all electrical devices.\n\nIt should pass in about a day.","kind":"letter","armed_by":"until","tick":2846000,"detail":"Solar flare (NegativeEvent) arrived at tick 2846000 — the letter this advance was waiting for."}
[00:26:46] letters: Solar flare[NegativeEvent]
[00:27:45] advance reason=alert ticks=37288 halted={"id":"Alert_StarvationColonists","label":"Starvation","priority":"High","kind":"alert","armed_by":"default","tick":2883315,"detail":"Starvation (Alert_StarvationColonists, priority High) went ON at tick 2883315 — a standing condition the colony did not have a moment ago, so the advance stopped rather than running on. If this one should stop waking the run, `alert-mute {ids:[\"Alert_StarvationColonists\"], reason:\"<why>\"}` records that decision and `digest.alerts.muted` keeps it visible; `advance {through_news:\"<why>\"}` rides past every wake for ONE call."}
{"day":49,"t":2883315,"season":"Winter","food_days":0,"rot":0.3,"wood":394,"steel":33,"power":1000,"mood":[20,0,33],"posture_ok":false,"wc_ok":true,"threats":0,"alerts":["Alert_MajorOrExtremeBreakRisk","Alert_NeedWarmClothes","Alert_LowFood","Alert_ColonistLeftUnburied","Alert_StarvationColonists","Alert_TatteredApparel"]}
[00:27:47] SAVED day-49.rws (nearest autosave; no save verb exists)
daily ledger day 49: barracks-heat=ok freezer-below-zero=action armed-roster=action production-still-runs=ok apparel-margin=n/a
  chop designated: 27
  mine designated: 4
[00:28:06] advance reason=letter ticks=579 halted={"def":"NeutralEvent","label":"Crisis of belief: Lacey","text":"(*Name)Lacey(/Name)'s spirit has broken. As a result, she was forced to question everything.\n\n(*Name)Lacey(/Name)'s certainty with her belief in (*Ideo=Ideo_12)Painism(/Ideo) has been reduced to 50%.\n\nTo come to terms with her beliefs, (*Name)Lacey(/Name) is now hiding in her room.\n\nThis happened because of poor mood.\n\nThe final straw was: My friend Wouter died","target":"Thing_Human310","kind":"letter","armed_by":"until","tick":2883869,"detail":"Crisis of belief: Lacey (NeutralEvent) arrived at tick 2883869 — the letter this advance was waiting for."}
[00:28:09] letters: Crisis of belief: Lacey[NeutralEvent]
[00:28:32] advance reason=alert ticks=14844 halted={"id":"Alert_MinorBreakRisk","label":"Minor break risk","priority":"High","kind":"alert","armed_by":"default","tick":2898738,"detail":"Minor break risk (Alert_MinorBreakRisk, priority High) went ON at tick 2898738 — a standing condition the colony did not have a moment ago, so the advance stopped rather than running on. If this one should stop waking the run, `alert-mute {ids:[\"Alert_MinorBreakRisk\"], reason:\"<why>\"}` records that decision and `digest.alerts.muted` keeps it visible; `advance {through_news:\"<why>\"}` rides past every wake for ONE call."}
[00:28:49] advance reason=letter ticks=8288 halted={"def":"PositiveEvent","label":"Psychic soothe: Male","text":"Every male colonist smiles with contentment!\n\nSome distant engine of happiness is stirring. It is projecting a psychic drone onto this site through an orbital amplifier, tuned to only affect males. For a few days, some people's mood will be quite a bit better.","kind":"letter","armed_by":"until","tick":2907000,"detail":"Psychic soothe: Male (PositiveEvent) arrived at tick 2907000 — the letter this advance was waiting for."}
[00:28:52] letters: Psychic soothe: Male[PositiveEvent]
[00:29:08] advance reason=alert ticks=9119 halted={"id":"Alert_StarvationColonists","label":"Starvation","priority":"High","kind":"alert","armed_by":"default","tick":2916145,"detail":"Starvation (Alert_StarvationColonists, priority High) went ON at tick 2916145 — a standing condition the colony did not have a moment ago, so the advance stopped rather than running on. If this one should stop waking the run, `alert-mute {ids:[\"Alert_StarvationColonists\"], reason:\"<why>\"}` records that decision and `digest.alerts.muted` keeps it visible; `advance {through_news:\"<why>\"}` rides past every wake for ONE call."}
[00:29:26] advance reason=alert ticks=9022 halted={"id":"Alert_MajorOrExtremeBreakRisk","label":"Extreme break risk","priority":"Critical","kind":"alert","armed_by":"default","tick":2925167,"detail":"Extreme break risk (Alert_MajorOrExtremeBreakRisk, priority Critical) went ON at tick 2925167 — a standing condition the colony did not have a moment ago, so the advance stopped rather than running on. If this one should stop waking the run, `alert-mute {ids:[\"Alert_MajorOrExtremeBreakRisk\"], reason:\"<why>\"}` records that decision and `digest.alerts.muted` keeps it visible; `advance {through_news:\"<why>\"}` rides past every wake for ONE call."}
[00:30:03] advance reason=alert ticks=24981 halted={"id":"Alert_MinorBreakRisk","label":"Minor break risk","priority":"High","kind":"alert","armed_by":"default","tick":2950148,"detail":"Minor break risk (Alert_MinorBreakRisk, priority High) went ON at tick 2950148 — a standing condition the colony did not have a moment ago, so the advance stopped rather than running on. If this one should stop waking the run, `alert-mute {ids:[\"Alert_MinorBreakRisk\"], reason:\"<why>\"}` records that decision and `digest.alerts.muted` keeps it visible; `advance {through_news:\"<why>\"}` rides past every wake for ONE call."}
{"day":50,"t":2950148,"season":"Winter","food_days":0,"rot":0,"wood":634,"steel":33,"power":1000,"mood":[17,23,35],"posture_ok":false,"wc_ok":true,"threats":0,"alerts":["Alert_NeedWarmClothes","Alert_LowFood","Alert_NeedMiner","Alert_StarvationColonists","Alert_MinorBreakRisk","Alert_TatteredApparel"]}
[00:30:05] SAVED day-50.rws (nearest autosave; no save verb exists)
daily ledger day 50: barracks-heat=ok freezer-below-zero=action armed-roster=action production-still-runs=ok apparel-margin=n/a
  chop designated: 30
  mine designated: 0
[00:30:39] advance reason=letter ticks=14122 halted={"def":"NegativeEvent","label":"Sad wander: Lacey","text":"<color=#D09B61FF>Lacey</color> has broken down and is wandering around in sadness.\n\nThis happened because of poor mood.\n\nThe final straw was: Malnourished","target":"Thing_Human310","kind":"letter","armed_by":"until","tick":2964269,"detail":"Sad wander: Lacey (NegativeEvent) arrived at tick 2964269 — the letter this advance was waiting for."}
[00:30:42] letters: Sad wander: Lacey[NegativeEvent]
[00:30:59] advance reason=alert ticks=9418 halted={"id":"Alert_MajorOrExtremeBreakRisk","label":"Major break risk","priority":"Critical","kind":"alert","armed_by":"default","tick":2973688,"detail":"Major break risk (Alert_MajorOrExtremeBreakRisk, priority Critical) went ON at tick 2973688 — a standing condition the colony did not have a moment ago, so the advance stopped rather than running on. If this one should stop waking the run, `alert-mute {ids:[\"Alert_MajorOrExtremeBreakRisk\"], reason:\"<why>\"}` records that decision and `digest.alerts.muted` keeps it visible; `advance {through_news:\"<why>\"}` rides past every wake for ONE call."}
[00:31:09] advance reason=letter ticks=1691 halted={"def":"PositiveEvent","label":"Visitors: Relationship","text":"A group from The Fallen Empire are visiting the colony.\n\nThere are people who have relationships with your colonists or prisoners in the arriving group:\n\nTrooper <color=#D09B61FF>Bosan</color>:\n  - Daughter of colonist Marco","target":"Thing_Human108983","faction":"The Fallen Empire","kind":"letter","armed_by":"until","tick":2975379,"detail":"Visitors: Relationship (PositiveEvent) arrived at tick 2975379 — the letter this advance was waiting for."}
[00:31:12] letters: Visitors: Relationship[PositiveEvent]
[00:31:23] advance reason=letter ticks=4756 halted={"def":"NegativeEvent","label":"Tantrum: Trev","text":"<color=#D09B61FF>Trev</color> is having a tantrum.\n\nHe will smash up random furniture, items and structures.\n\nThis happened because of poor mood.\n\nThe final straw was: Malnourished","target":"Thing_Human91381","kind":"letter","armed_by":"until","tick":2980108,"detail":"Tantrum: Trev (NegativeEvent) arrived at tick 2980108 — the letter this advance was waiting for."}
[00:31:26] letters: Tantrum: Trev[NegativeEvent]
[00:31:42] advance reason=alert ticks=9095 halted={"id":"Alert_MinorBreakRisk","label":"Minor break risk","priority":"High","kind":"alert","armed_by":"default","tick":2989230,"detail":"Minor break risk (Alert_MinorBreakRisk, priority High) went ON at tick 2989230 — a standing condition the colony did not have a moment ago, so the advance stopped rather than running on. If this one should stop waking the run, `alert-mute {ids:[\"Alert_MinorBreakRisk\"], reason:\"<why>\"}` records that decision and `digest.alerts.muted` keeps it visible; `advance {through_news:\"<why>\"}` rides past every wake for ONE call."}
[00:32:10] advance reason=alert ticks=17093 halted={"id":"Alert_MajorOrExtremeBreakRisk","label":"Major break risk","priority":"Critical","kind":"alert","armed_by":"default","tick":3006323,"detail":"Major break risk (Alert_MajorOrExtremeBreakRisk, priority Critical) went ON at tick 3006323 — a standing condition the colony did not have a moment ago, so the advance stopped rather than running on. If this one should stop waking the run, `alert-mute {ids:[\"Alert_MajorOrExtremeBreakRisk\"], reason:\"<why>\"}` records that decision and `digest.alerts.muted` keeps it visible; `advance {through_news:\"<why>\"}` rides past every wake for ONE call."}
{"day":51,"t":3006323,"season":"Winter","food_days":0,"rot":0,"wood":704,"steel":33,"power":1000,"mood":[1,20,25],"posture_ok":false,"wc_ok":true,"threats":0,"alerts":["Alert_MajorOrExtremeBreakRisk","Alert_NeedWarmClothes","Alert_LowFood","Alert_NeedMiner","Alert_StarvationColonists","Alert_TatteredApparel"]}
[00:32:12] SAVED day-51.rws (nearest autosave; no save verb exists)
daily ledger day 51: barracks-heat=ok freezer-below-zero=ok armed-roster=action production-still-runs=ok apparel-margin=action
  chop designated: 20
  mine designated: 0
[00:33:06] advance reason=alert ticks=24981 halted={"id":"Alert_MinorBreakRisk","label":"Minor break risk","priority":"High","kind":"alert","armed_by":"default","tick":3031304,"detail":"Minor break risk (Alert_MinorBreakRisk, priority High) went ON at tick 3031304 — a standing condition the colony did not have a moment ago, so the advance stopped rather than running on. If this one should stop waking the run, `alert-mute {ids:[\"Alert_MinorBreakRisk\"], reason:\"<why>\"}` records that decision and `digest.alerts.muted` keeps it visible; `advance {through_news:\"<why>\"}` rides past every wake for ONE call."}
[00:33:16] advance reason=letter ticks=1696 halted={"def":"PositiveEvent","label":"Aurora","text":"A beautiful aurora is lighting up the sky.\n\nThe undulating colors will boost the mood of anyone outside to see them, and make the night brighter.","kind":"letter","armed_by":"until","tick":3033000,"detail":"Aurora (PositiveEvent) arrived at tick 3033000 — the letter this advance was waiting for."}
[00:33:20] letters: Aurora[PositiveEvent]
[00:33:37] advance reason=letter ticks=8000 halted={"def":"NewQuest","label":"Quest available: Romele's Nomads","text":"A new quest is available.\n\nThe quest is called 'Romele's Nomads'.\n\nIf you don't accept the quest within 7 days, it will expire.","kind":"letter","armed_by":"until","tick":3041000,"detail":"Quest available: Romele's Nomads (NewQuest) arrived at tick 3041000 — the letter this advance was waiting for."}
[00:33:40] letters: Quest available: Romele's Nomads[NewQuest]
[00:33:46] advance reason=alert ticks=733 halted={"id":"Alert_LifeThreateningHediff","label":"Medical emergency","priority":"Critical","kind":"alert","armed_by":"default","tick":3041733,"detail":"Medical emergency (Alert_LifeThreateningHediff, priority Critical) went ON at tick 3041733 — a standing condition the colony did not have a moment ago, so the advance stopped rather than running on. If this one should stop waking the run, `alert-mute {ids:[\"Alert_LifeThreateningHediff\"], reason:\"<why>\"}` records that decision and `digest.alerts.muted` keeps it visible; `advance {through_news:\"<why>\"}` rides past every wake for ONE call."}
[00:34:34] advance reason=alert ticks=29315 halted={"id":"Alert_MinorBreakRisk","label":"Minor break risk","priority":"High","kind":"alert","armed_by":"default","tick":3071048,"detail":"Minor break risk (Alert_MinorBreakRisk, priority High) went ON at tick 3071048 — a standing condition the colony did not have a moment ago, so the advance stopped rather than running on. If this one should stop waking the run, `alert-mute {ids:[\"Alert_MinorBreakRisk\"], reason:\"<why>\"}` records that decision and `digest.alerts.muted` keeps it visible; `advance {through_news:\"<why>\"}` rides past every wake for ONE call."}
{"day":52,"t":3071048,"season":"Winter","food_days":0,"rot":0,"wood":648,"steel":33,"power":1000,"mood":[0,34,44],"posture_ok":false,"wc_ok":true,"threats":0,"alerts":["Alert_LifeThreateningHediff","Alert_NeedWarmClothes","Alert_LowFood","Alert_NeedMiner","Alert_StarvationColonists","Alert_MinorBreakRisk","Alert_TatteredApparel"]}
[00:34:37] SAVED day-52.rws (nearest autosave; no save verb exists)
daily ledger day 52: barracks-heat=ok freezer-below-zero=action armed-roster=action production-still-runs=ok apparel-margin=n/a
  chop designated: 20
  mine designated: 0
[00:34:59] advance reason=casualty ticks=1729 halted={"kind":"casualty","event":"death","pawn":"Marco","faction":"Southeastern Tedalor","player_faction":true,"tick":3072772,"pawn_id":87330,"pawn_kind":"colonist","detail":"Marco (Southeastern Tedalor) DIED at tick 3072772 — the advance stopped here rather than running on. `triage` has the bleed clock, the rescuers and the exact `rescue` call; `advance {through_casualties:\"<why>\"}` rides past it deliberately."}
[00:34:59] !! CASUALTY - triaging
[00:35:04] letters: Death: Marco[Death]
[00:35:16] advance reason=alert ticks=4938 halted={"id":"Alert_ColonistLeftUnburied","label":"Colonist left unburied","priority":"High","kind":"alert","armed_by":"default","tick":3077715,"detail":"Colonist left unburied (Alert_ColonistLeftUnburied, priority High) went ON at tick 3077715 — a standing condition the colony did not have a moment ago, so the advance stopped rather than running on. If this one should stop waking the run, `alert-mute {ids:[\"Alert_ColonistLeftUnburied\"], reason:\"<why>\"}` records that decision and `digest.alerts.muted` keeps it visible; `advance {through_news:\"<why>\"}` rides past every wake for ONE call."}
[00:35:28] advance reason=letter ticks=3649 halted={"def":"NegativeEvent","label":"Hide in room: Trev","text":"<color=#D09B61FF>Trev</color> is hiding in his room.\n\nThis happened because of poor mood.\n\nThe final straw was: Ate human meat","target":"Thing_Human91381","kind":"letter","armed_by":"until","tick":3081358,"detail":"Hide in room: Trev (NegativeEvent) arrived at tick 3081358 — the letter this advance was waiting for."}
[00:35:31] letters: Hide in room: Trev[NegativeEvent]
[00:35:40] advance reason=alert ticks=2724 halted={"id":"Alert_QuestExpiresSoon","label":"Quest expires in 24 hours","priority":"High","kind":"alert","armed_by":"default","tick":3084088,"detail":"Quest expires in 24 hours (Alert_QuestExpiresSoon, priority High) went ON at tick 3084088 — a standing condition the colony did not have a moment ago, so the advance stopped rather than running on. If this one should stop waking the run, `alert-mute {ids:[\"Alert_QuestExpiresSoon\"], reason:\"<why>\"}` records that decision and `digest.alerts.muted` keeps it visible; `advance {through_news:\"<why>\"}` rides past every wake for ONE call."}
[00:36:06] advance reason=alert ticks=16564 halted={"id":"Alert_StarvationColonists","label":"Starvation","priority":"High","kind":"alert","armed_by":"default","tick":3100652,"detail":"Starvation (Alert_StarvationColonists, priority High) went ON at tick 3100652 — a standing condition the colony did not have a moment ago, so the advance stopped rather than running on. If this one should stop waking the run, `alert-mute {ids:[\"Alert_StarvationColonists\"], reason:\"<why>\"}` records that decision and `digest.alerts.muted` keeps it visible; `advance {through_news:\"<why>\"}` rides past every wake for ONE call."}
[00:36:32] advance reason=alert ticks=15095 halted={"id":"Alert_StarvationColonists","label":"Starvation","priority":"High","kind":"alert","armed_by":"default","tick":3115747,"detail":"Starvation (Alert_StarvationColonists, priority High) went ON at tick 3115747 — a standing condition the colony did not have a moment ago, so the advance stopped rather than running on. If this one should stop waking the run, `alert-mute {ids:[\"Alert_StarvationColonists\"], reason:\"<why>\"}` records that decision and `digest.alerts.muted` keeps it visible; `advance {through_news:\"<why>\"}` rides past every wake for ONE call."}
[00:36:55] advance reason=letter ticks=13275 halted={"def":"NegativeEvent","label":"Eclipse","text":"One of the moons of this planet has orbited in front of the sun. An eclipse has begun.","kind":"letter","armed_by":"until","tick":3129000,"detail":"Eclipse (NegativeEvent) arrived at tick 3129000 — the letter this advance was waiting for."}
{"day":53,"t":3129022,"season":"Winter","food_days":0,"rot":0,"wood":684,"steel":33,"power":1000,"mood":[0,43],"posture_ok":true,"wc_ok":true,"threats":0,"alerts":["Alert_MajorOrExtremeBreakRisk","Alert_LowFood","Alert_NeedMiner","Alert_QuestExpiresSoon","Alert_StarvationColonists"]}
[00:36:57] SAVED day-53.rws (nearest autosave; no save verb exists)
daily ledger day 53: barracks-heat=ok freezer-below-zero=action armed-roster=ok production-still-runs=ok apparel-margin=n/a
  chop designated: 16
  mine designated: 0
[00:37:10] letters: Eclipse[NegativeEvent]
[00:37:31] advance reason=alert ticks=13311 halted={"id":"Alert_MinorBreakRisk","label":"Minor break risk x2","priority":"High","kind":"alert","armed_by":"default","tick":3142333,"detail":"Minor break risk x2 (Alert_MinorBreakRisk, priority High) went ON at tick 3142333 — a standing condition the colony did not have a moment ago, so the advance stopped rather than running on. If this one should stop waking the run, `alert-mute {ids:[\"Alert_MinorBreakRisk\"], reason:\"<why>\"}` records that decision and `digest.alerts.muted` keeps it visible; `advance {through_news:\"<why>\"}` rides past every wake for ONE call."}
[00:37:56] advance reason=letter ticks=14991 halted={"def":"NegativeEvent","label":"Sad wander: Lacey","text":"<color=#D09B61FF>Lacey</color> has broken down and is wandering around in sadness.\n\nThis happened because of poor mood.\n\nThe final straw was: My brother Wouter died","target":"Thing_Human310","kind":"letter","armed_by":"until","tick":3157319,"detail":"Sad wander: Lacey (NegativeEvent) arrived at tick 3157319 — the letter this advance was waiting for."}
[00:37:59] letters: Sad wander: Lacey[NegativeEvent]
[00:38:33] advance reason=alert ticks=24705 halted={"id":"Alert_MajorOrExtremeBreakRisk","label":"Major break risk","priority":"Critical","kind":"alert","armed_by":"default","tick":3182029,"detail":"Major break risk (Alert_MajorOrExtremeBreakRisk, priority Critical) went ON at tick 3182029 — a standing condition the colony did not have a moment ago, so the advance stopped rather than running on. If this one should stop waking the run, `alert-mute {ids:[\"Alert_MajorOrExtremeBreakRisk\"], reason:\"<why>\"}` records that decision and `digest.alerts.muted` keeps it visible; `advance {through_news:\"<why>\"}` rides past every wake for ONE call."}
{"day":54,"t":3182029,"season":"Winter","food_days":1.3,"rot":1.3,"wood":708,"steel":33,"power":0,"mood":[20,45],"posture_ok":true,"wc_ok":true,"threats":0,"alerts":["Alert_MajorOrExtremeBreakRisk","Alert_LowFood","Alert_NeedMiner"]}
[00:38:35] SAVED day-54.rws (nearest autosave; no save verb exists)
daily ledger day 54: barracks-heat=ok freezer-below-zero=action armed-roster=ok production-still-runs=ok apparel-margin=ok
  chop designated: 13
  mine designated: 0
[00:38:56] advance reason=alert ticks=1195 halted={"id":"Alert_MinorBreakRisk","label":"Minor break risk","priority":"High","kind":"alert","armed_by":"default","tick":3183224,"detail":"Minor break risk (Alert_MinorBreakRisk, priority High) went ON at tick 3183224 — a standing condition the colony did not have a moment ago, so the advance stopped rather than running on. If this one should stop waking the run, `alert-mute {ids:[\"Alert_MinorBreakRisk\"], reason:\"<why>\"}` records that decision and `digest.alerts.muted` keeps it visible; `advance {through_news:\"<why>\"}` rides past every wake for ONE call."}
[00:39:18] advance reason=alert ticks=12750 halted={"id":"Alert_LowFood","label":"Low food","priority":"High","kind":"alert","armed_by":"default","tick":3195974,"detail":"Low food (Alert_LowFood, priority High) went ON at tick 3195974 — a standing condition the colony did not have a moment ago, so the advance stopped rather than running on. If this one should stop waking the run, `alert-mute {ids:[\"Alert_LowFood\"], reason:\"<why>\"}` records that decision and `digest.alerts.muted` keeps it visible; `advance {through_news:\"<why>\"}` rides past every wake for ONE call."}
[00:40:08] advance reason=alert ticks=34409 halted={"id":"Alert_LowFood","label":"Low food","priority":"High","kind":"alert","armed_by":"default","tick":3230383,"detail":"Low food (Alert_LowFood, priority High) went ON at tick 3230383 — a standing condition the colony did not have a moment ago, so the advance stopped rather than running on. If this one should stop waking the run, `alert-mute {ids:[\"Alert_LowFood\"], reason:\"<why>\"}` records that decision and `digest.alerts.muted` keeps it visible; `advance {through_news:\"<why>\"}` rides past every wake for ONE call."}
[00:41:05] advance reason=letter ticks=34621 halted={"def":"NewQuest","label":"Quest available: The Venerated Dowform","text":"A new quest is available.\n\nThe quest is called 'The Venerated Dowform'.","kind":"letter","armed_by":"until","tick":3265000,"detail":"Quest available: The Venerated Dowform (NewQuest) arrived at tick 3265000 — the letter this advance was waiting for."}
{"day":55,"t":3265004,"season":"Winter","food_days":2.2,"rot":2.2,"wood":864,"steel":33,"power":1000,"mood":[72,72],"posture_ok":true,"wc_ok":true,"threats":0,"alerts":["Alert_NeedMiner","Alert_LowFood"]}
[00:41:07] SAVED day-55.rws (nearest autosave; no save verb exists)
daily ledger day 55: barracks-heat=ok freezer-below-zero=n/a armed-roster=ok production-still-runs=ok apparel-margin=n/a
  chop designated: 14
  mine designated: 0
[00:41:20] letters: Quest available: The Venerated Dowform[NewQuest]
[00:41:48] advance reason=alert ticks=18189 halted={"id":"Alert_DateRitualComing","label":"Ritual opportunity soon","priority":"Medium","kind":"alert","armed_by":"default","tick":3283193,"detail":"Ritual opportunity soon (Alert_DateRitualComing, priority Medium) went ON at tick 3283193 — a standing condition the colony did not have a moment ago, so the advance stopped rather than running on. If this one should stop waking the run, `alert-mute {ids:[\"Alert_DateRitualComing\"], reason:\"<why>\"}` records that decision and `digest.alerts.muted` keeps it visible; `advance {through_news:\"<why>\"}` rides past every wake for ONE call."}
[00:42:30] advance reason=letter ticks=28807 halted={"def":"NewQuest","label":"Quest active: The Rescue of Tobin","text":"A new quest is available.\n\nThe quest is called 'The Rescue of Tobin'.\n\nIt will expire in 11 days.","kind":"letter","armed_by":"until","tick":3312000,"detail":"Quest active: The Rescue of Tobin (NewQuest) arrived at tick 3312000 — the letter this advance was waiting for."}
{"day":56,"t":3312000,"season":"Spring","food_days":0.9,"rot":0.9,"wood":864,"steel":33,"power":1000,"mood":[37,66],"posture_ok":true,"wc_ok":true,"threats":0,"alerts":["Alert_NeedMiner","Alert_LowFood","Alert_DateRitualComing"]}
[00:42:32] SAVED day-56.rws (nearest autosave; no save verb exists)
daily ledger day 56: barracks-heat=ok freezer-below-zero=n/a armed-roster=ok production-still-runs=ok apparel-margin=n/a
  chop designated: 14
  mine designated: 0
[00:42:45] letters: Quest active: The Rescue of Tobin[NewQuest]
[00:42:53] advance reason=alert ticks=2287 halted={"id":"Alert_MinorBreakRisk","label":"Minor break risk","priority":"High","kind":"alert","armed_by":"default","tick":3314287,"detail":"Minor break risk (Alert_MinorBreakRisk, priority High) went ON at tick 3314287 — a standing condition the colony did not have a moment ago, so the advance stopped rather than running on. If this one should stop waking the run, `alert-mute {ids:[\"Alert_MinorBreakRisk\"], reason:\"<why>\"}` records that decision and `digest.alerts.muted` keeps it visible; `advance {through_news:\"<why>\"}` rides past every wake for ONE call."}
[00:43:31] advance reason=alert ticks=25148 halted={"id":"Alert_MajorOrExtremeBreakRisk","label":"Major break risk","priority":"Critical","kind":"alert","armed_by":"default","tick":3339435,"detail":"Major break risk (Alert_MajorOrExtremeBreakRisk, priority Critical) went ON at tick 3339435 — a standing condition the colony did not have a moment ago, so the advance stopped rather than running on. If this one should stop waking the run, `alert-mute {ids:[\"Alert_MajorOrExtremeBreakRisk\"], reason:\"<why>\"}` records that decision and `digest.alerts.muted` keeps it visible; `advance {through_news:\"<why>\"}` rides past every wake for ONE call."}
[00:43:58] advance reason=alert ticks=17952 halted={"id":"Alert_MinorBreakRisk","label":"Minor break risk","priority":"High","kind":"alert","armed_by":"default","tick":3357387,"detail":"Minor break risk (Alert_MinorBreakRisk, priority High) went ON at tick 3357387 — a standing condition the colony did not have a moment ago, so the advance stopped rather than running on. If this one should stop waking the run, `alert-mute {ids:[\"Alert_MinorBreakRisk\"], reason:\"<why>\"}` records that decision and `digest.alerts.muted` keeps it visible; `advance {through_news:\"<why>\"}` rides past every wake for ONE call."}
[00:44:15] advance reason=alert ticks=7446 halted={"id":"Alert_MajorOrExtremeBreakRisk","label":"Major break risk","priority":"Critical","kind":"alert","armed_by":"default","tick":3364833,"detail":"Major break risk (Alert_MajorOrExtremeBreakRisk, priority Critical) went ON at tick 3364833 — a standing condition the colony did not have a moment ago, so the advance stopped rather than running on. If this one should stop waking the run, `alert-mute {ids:[\"Alert_MajorOrExtremeBreakRisk\"], reason:\"<why>\"}` records that decision and `digest.alerts.muted` keeps it visible; `advance {through_news:\"<why>\"}` rides past every wake for ONE call."}
{"day":57,"t":3364833,"season":"Spring","food_days":0.4,"rot":0.4,"wood":885,"steel":33,"power":1000,"mood":[18,61],"posture_ok":true,"wc_ok":true,"threats":0,"alerts":["Alert_MajorOrExtremeBreakRisk","Alert_NeedMiner","Alert_LowFood","Alert_DateRitualComing"]}
[00:44:18] SAVED day-57.rws (nearest autosave; no save verb exists)
daily ledger day 57: barracks-heat=ok freezer-below-zero=action armed-roster=ok production-still-runs=ok apparel-margin=ok
  chop designated: 12
  mine designated: 0
[00:44:40] advance reason=alert ticks=2626 halted={"id":"Alert_MinorBreakRisk","label":"Minor break risk","priority":"High","kind":"alert","armed_by":"default","tick":3367459,"detail":"Minor break risk (Alert_MinorBreakRisk, priority High) went ON at tick 3367459 — a standing condition the colony did not have a moment ago, so the advance stopped rather than running on. If this one should stop waking the run, `alert-mute {ids:[\"Alert_MinorBreakRisk\"], reason:\"<why>\"}` records that decision and `digest.alerts.muted` keeps it visible; `advance {through_news:\"<why>\"}` rides past every wake for ONE call."}
[00:45:00] advance reason=alert ticks=10964 halted={"id":"Alert_MajorOrExtremeBreakRisk","label":"Major break risk","priority":"Critical","kind":"alert","armed_by":"default","tick":3378423,"detail":"Major break risk (Alert_MajorOrExtremeBreakRisk, priority Critical) went ON at tick 3378423 — a standing condition the colony did not have a moment ago, so the advance stopped rather than running on. If this one should stop waking the run, `alert-mute {ids:[\"Alert_MajorOrExtremeBreakRisk\"], reason:\"<why>\"}` records that decision and `digest.alerts.muted` keeps it visible; `advance {through_news:\"<why>\"}` rides past every wake for ONE call."}
[00:45:14] advance reason=letter ticks=4961 halted={"def":"NegativeEvent","label":"Tantrum: Lacey","text":"<color=#D09B61FF>Lacey</color> is having a tantrum.\n\nShe is going to destroy component x25.\n\nThis happened because of poor mood.\n\nThe final straw was: My fiance Jimmy lost","target":"Thing_Human310","kind":"letter","armed_by":"until","tick":3383369,"detail":"Tantrum: Lacey (NegativeEvent) arrived at tick 3383369 — the letter this advance was waiting for."}
[00:45:17] letters: Tantrum: Lacey[NegativeEvent]
[00:45:23] advance reason=alert ticks=534 halted={"id":"Alert_StarvationColonists","label":"Starvation","priority":"High","kind":"alert","armed_by":"default","tick":3383918,"detail":"Starvation (Alert_StarvationColonists, priority High) went ON at tick 3383918 — a standing condition the colony did not have a moment ago, so the advance stopped rather than running on. If this one should stop waking the run, `alert-mute {ids:[\"Alert_StarvationColonists\"], reason:\"<why>\"}` records that decision and `digest.alerts.muted` keeps it visible; `advance {through_news:\"<why>\"}` rides past every wake for ONE call."}
[00:46:08] advance reason=alert ticks=32056 halted={"id":"Alert_QuestExpiresSoon","label":"Quest expires in 24 hours","priority":"High","kind":"alert","armed_by":"default","tick":3415974,"detail":"Quest expires in 24 hours (Alert_QuestExpiresSoon, priority High) went ON at tick 3415974 — a standing condition the colony did not have a moment ago, so the advance stopped rather than running on. If this one should stop waking the run, `alert-mute {ids:[\"Alert_QuestExpiresSoon\"], reason:\"<why>\"}` records that decision and `digest.alerts.muted` keeps it visible; `advance {through_news:\"<why>\"}` rides past every wake for ONE call."}
[00:46:55] advance reason=letter ticks=31544 halted={"def":"NegativeEvent","label":"Daze: Trev","text":"<color=#D09B61FF>Trev</color> is wandering around in a psychotic state.\n\nThis happened because of poor mood.\n\nThe final straw was: Ate raw food","target":"Thing_Human91381","kind":"letter","armed_by":"until","tick":3447508,"detail":"Daze: Trev (NegativeEvent) arrived at tick 3447508 — the letter this advance was waiting for."}
{"day":58,"t":3447518,"season":"Spring","food_days":0.2,"rot":0.2,"wood":930,"steel":33,"power":1000,"mood":[20,70],"posture_ok":false,"wc_ok":true,"threats":0,"alerts":["Alert_NeedMiner","Alert_LowFood","Alert_QuestExpiresSoon"]}
[00:46:57] SAVED day-58.rws (nearest autosave; no save verb exists)
daily ledger day 58: barracks-heat=action freezer-below-zero=n/a armed-roster=ok production-still-runs=ok apparel-margin=n/a
  chop designated: 15
  mine designated: 0
[00:47:10] letters: Daze: Trev[NegativeEvent]
[00:47:46] advance reason=alert ticks=27283 halted={"id":"Alert_StarvationColonists","label":"Starvation","priority":"High","kind":"alert","armed_by":"default","tick":3474801,"detail":"Starvation (Alert_StarvationColonists, priority High) went ON at tick 3474801 — a standing condition the colony did not have a moment ago, so the advance stopped rather than running on. If this one should stop waking the run, `alert-mute {ids:[\"Alert_StarvationColonists\"], reason:\"<why>\"}` records that decision and `digest.alerts.muted` keeps it visible; `advance {through_news:\"<why>\"}` rides past every wake for ONE call."}
[00:49:13] advance reason=timeout ticks=60024 halted=null
{"day":59,"t":3534825,"season":"Spring","food_days":0,"rot":0,"wood":930,"steel":33,"power":1000,"mood":[2,52],"posture_ok":false,"wc_ok":true,"threats":0,"alerts":["Alert_NeedMiner","Alert_LowFood","Alert_StarvationColonists"]}
[00:49:15] SAVED day-59.rws (nearest autosave; no save verb exists)
daily ledger day 59: barracks-heat=ok freezer-below-zero=n/a armed-roster=ok production-still-runs=ok apparel-margin=n/a
  chop designated: 11
  mine designated: 0
[00:49:37] advance reason=alert ticks=3947 halted={"id":"Alert_MajorOrExtremeBreakRisk","label":"Major break risk","priority":"Critical","kind":"alert","armed_by":"default","tick":3538772,"detail":"Major break risk (Alert_MajorOrExtremeBreakRisk, priority Critical) went ON at tick 3538772 — a standing condition the colony did not have a moment ago, so the advance stopped rather than running on. If this one should stop waking the run, `alert-mute {ids:[\"Alert_MajorOrExtremeBreakRisk\"], reason:\"<why>\"}` records that decision and `digest.alerts.muted` keeps it visible; `advance {through_news:\"<why>\"}` rides past every wake for ONE call."}
[00:49:45] advance reason=letter ticks=240 halted={"def":"NegativeEvent","label":"Blight: Cotton plants","text":"Blight has been discovered on the cotton plants!\n\nYou should cut or burn the affected plants before the blight spreads.","target":"(98, 0, 137), Map_0","kind":"letter","armed_by":"until","tick":3539000,"detail":"Blight: Cotton plants (NegativeEvent) arrived at tick 3539000 — the letter this advance was waiting for."}
[00:49:48] letters: Blight: Cotton plants[NegativeEvent]
[00:50:14] advance reason=alert ticks=17592 halted={"id":"Alert_MinorBreakRisk","label":"Minor break risk x2","priority":"High","kind":"alert","armed_by":"default","tick":3556604,"detail":"Minor break risk x2 (Alert_MinorBreakRisk, priority High) went ON at tick 3556604 — a standing condition the colony did not have a moment ago, so the advance stopped rather than running on. If this one should stop waking the run, `alert-mute {ids:[\"Alert_MinorBreakRisk\"], reason:\"<why>\"}` records that decision and `digest.alerts.muted` keeps it visible; `advance {through_news:\"<why>\"}` rides past every wake for ONE call."}
{"day":60,"t":3556604,"season":"Spring","food_days":0,"rot":0,"wood":819,"steel":33,"power":1000,"mood":[22,33],"posture_ok":true,"wc_ok":true,"threats":0,"alerts":["Alert_NeedMiner","Alert_LowFood","Alert_StarvationColonists","Alert_MinorBreakRisk"]}
[00:50:16] SAVED day-60.rws (nearest autosave; no save verb exists)
daily ledger day 60: barracks-heat=ok freezer-below-zero=n/a armed-roster=ok production-still-runs=ok apparel-margin=ok
  chop designated: 10
  mine designated: 0
[00:50:50] advance reason=alert ticks=12423 halted={"id":"Alert_MajorOrExtremeBreakRisk","label":"Major break risk","priority":"Critical","kind":"alert","armed_by":"default","tick":3569027,"detail":"Major break risk (Alert_MajorOrExtremeBreakRisk, priority Critical) went ON at tick 3569027 — a standing condition the colony did not have a moment ago, so the advance stopped rather than running on. If this one should stop waking the run, `alert-mute {ids:[\"Alert_MajorOrExtremeBreakRisk\"], reason:\"<why>\"}` records that decision and `digest.alerts.muted` keeps it visible; `advance {through_news:\"<why>\"}` rides past every wake for ONE call."}
[00:51:05] advance reason=alert ticks=6555 halted={"id":"Alert_MinorBreakRisk","label":"Minor break risk","priority":"High","kind":"alert","armed_by":"default","tick":3575582,"detail":"Minor break risk (Alert_MinorBreakRisk, priority High) went ON at tick 3575582 — a standing condition the colony did not have a moment ago, so the advance stopped rather than running on. If this one should stop waking the run, `alert-mute {ids:[\"Alert_MinorBreakRisk\"], reason:\"<why>\"}` records that decision and `digest.alerts.muted` keeps it visible; `advance {through_news:\"<why>\"}` rides past every wake for ONE call."}
[00:51:21] advance reason=alert ticks=7371 halted={"id":"Alert_MinorBreakRisk","label":"Minor break risk","priority":"High","kind":"alert","armed_by":"default","tick":3582953,"detail":"Minor break risk (Alert_MinorBreakRisk, priority High) went ON at tick 3582953 — a standing condition the colony did not have a moment ago, so the advance stopped rather than running on. If this one should stop waking the run, `alert-mute {ids:[\"Alert_MinorBreakRisk\"], reason:\"<why>\"}` records that decision and `digest.alerts.muted` keeps it visible; `advance {through_news:\"<why>\"}` rides past every wake for ONE call."}
[00:51:56] advance reason=alert ticks=23192 halted={"id":"Alert_MajorOrExtremeBreakRisk","label":"Major break risk","priority":"Critical","kind":"alert","armed_by":"default","tick":3606145,"detail":"Major break risk (Alert_MajorOrExtremeBreakRisk, priority Critical) went ON at tick 3606145 — a standing condition the colony did not have a moment ago, so the advance stopped rather than running on. If this one should stop waking the run, `alert-mute {ids:[\"Alert_MajorOrExtremeBreakRisk\"], reason:\"<why>\"}` records that decision and `digest.alerts.muted` keeps it visible; `advance {through_news:\"<why>\"}` rides past every wake for ONE call."}
{"day":61,"t":3606145,"season":"Spring","food_days":0,"rot":0,"wood":856,"steel":33,"power":1000,"mood":[19,73],"posture_ok":true,"wc_ok":true,"threats":0,"alerts":["Alert_MajorOrExtremeBreakRisk","Alert_NeedMiner","Alert_LowFood"]}
[00:51:58] SAVED day-61.rws (nearest autosave; no save verb exists)
daily ledger day 61: barracks-heat=ok freezer-below-zero=n/a armed-roster=ok production-still-runs=ok apparel-margin=n/a
  chop designated: 11
  mine designated: 0
[00:52:17] advance reason=alert ticks=1160 halted={"id":"Alert_MinorBreakRisk","label":"Minor break risk","priority":"High","kind":"alert","armed_by":"default","tick":3607305,"detail":"Minor break risk (Alert_MinorBreakRisk, priority High) went ON at tick 3607305 — a standing condition the colony did not have a moment ago, so the advance stopped rather than running on. If this one should stop waking the run, `alert-mute {ids:[\"Alert_MinorBreakRisk\"], reason:\"<why>\"}` records that decision and `digest.alerts.muted` keeps it visible; `advance {through_news:\"<why>\"}` rides past every wake for ONE call."}
[00:52:31] advance reason=alert ticks=5398 halted={"id":"Alert_MajorOrExtremeBreakRisk","label":"Major break risk","priority":"Critical","kind":"alert","armed_by":"default","tick":3612703,"detail":"Major break risk (Alert_MajorOrExtremeBreakRisk, priority Critical) went ON at tick 3612703 — a standing condition the colony did not have a moment ago, so the advance stopped rather than running on. If this one should stop waking the run, `alert-mute {ids:[\"Alert_MajorOrExtremeBreakRisk\"], reason:\"<why>\"}` records that decision and `digest.alerts.muted` keeps it visible; `advance {through_news:\"<why>\"}` rides past every wake for ONE call."}
[00:52:46] advance reason=alert ticks=6244 halted={"id":"Alert_StarvationColonists","label":"Starvation","priority":"High","kind":"alert","armed_by":"default","tick":3618947,"detail":"Starvation (Alert_StarvationColonists, priority High) went ON at tick 3618947 — a standing condition the colony did not have a moment ago, so the advance stopped rather than running on. If this one should stop waking the run, `alert-mute {ids:[\"Alert_StarvationColonists\"], reason:\"<why>\"}` records that decision and `digest.alerts.muted` keeps it visible; `advance {through_news:\"<why>\"}` rides past every wake for ONE call."}
[00:53:16] advance reason=casualty ticks=20051 halted={"kind":"casualty","event":"downed","pawn":"Lacey","faction":"Southeastern Tedalor","player_faction":true,"tick":3638969,"pawn_id":310,"pawn_kind":"colonist","detail":"Lacey (Southeastern Tedalor) went DOWN at tick 3638969 — the advance stopped here rather than running on. `triage` has the bleed clock, the rescuers and the exact `rescue` call; `advance {through_casualties:\"<why>\"}` rides past it deliberately."}
[00:53:16] !! CASUALTY - triaging
{"name":"Lacey","verdict":"no-deadline","margin":null,"act":{"pawn":91381,"target":310}}
{"ok":true,"job":"rescuing Lacey."}
[00:53:23] letters: Catatonic: Lacey[NegativeEvent]
[00:53:33] advance reason=alert ticks=3955 halted={"id":"Alert_StarvationColonists","label":"Starvation","priority":"High","kind":"alert","armed_by":"default","tick":3642953,"detail":"Starvation (Alert_StarvationColonists, priority High) went ON at tick 3642953 — a standing condition the colony did not have a moment ago, so the advance stopped rather than running on. If this one should stop waking the run, `alert-mute {ids:[\"Alert_StarvationColonists\"], reason:\"<why>\"}` records that decision and `digest.alerts.muted` keeps it visible; `advance {through_news:\"<why>\"}` rides past every wake for ONE call."}
[00:53:41] advance reason=null ticks=null halted=null
[00:53:48] advance reason=null ticks=null halted=null
[00:53:56] advance reason=null ticks=null halted=null
[00:54:04] advance reason=null ticks=null halted=null
[00:54:13] advance reason=null ticks=null halted=null
[00:54:20] advance reason=null ticks=null halted=null
[00:54:28] advance reason=null ticks=null halted=null
[00:54:35] advance reason=null ticks=null halted=null
[00:54:43] advance reason=null ticks=null halted=null
[00:54:50] advance reason=null ticks=null halted=null
[00:54:58] advance reason=null ticks=null halted=null
[00:55:05] advance reason=null ticks=null halted=null
[00:55:13] advance reason=null ticks=null halted=null
[00:55:21] advance reason=null ticks=null halted=null
[00:55:28] advance reason=null ticks=null halted=null
[00:55:36] advance reason=null ticks=null halted=null
[00:55:43] advance reason=null ticks=null halted=null
[00:55:51] advance reason=null ticks=null halted=null
[00:55:58] advance reason=null ticks=null halted=null
[00:56:06] advance reason=null ticks=null halted=null
[00:56:14] advance reason=null ticks=null halted=null
[00:56:22] advance reason=null ticks=null halted=null
[00:56:30] advance reason=null ticks=null halted=null
[00:56:39] advance reason=null ticks=null halted=null
[00:56:47] advance reason=null ticks=null halted=null
[00:57:19] BUILD HiTechResearchBench queued at 117,128 (100 steel + 10 components)
[00:57:57] advance reason=alert ticks=29988 halted={"id":"Alert_LifeThreateningHediff","label":"Medical emergency","priority":"Critical","kind":"alert","armed_by":"default","tick":3672941,"detail":"Medical emergency (Alert_LifeThreateningHediff, priority Critical) went ON at tick 3672941 — a standing condition the colony did not have a moment ago, so the advance stopped rather than running on. If this one should stop waking the run, `alert-mute {ids:[\"Alert_LifeThreateningHediff\"], reason:\"<why>\"}` records that decision and `digest.alerts.muted` keeps it visible; `advance {through_news:\"<why>\"}` rides past every wake for ONE call."}
{"day":62,"t":3672941,"season":"Spring","food_days":0,"rot":0,"wood":856,"steel":33,"power":1000,"mood":[3,55],"posture_ok":true,"wc_ok":false,"threats":0,"alerts":["Alert_LifeThreateningHediff","Alert_NeedMiner","Alert_LowFood","Alert_StarvationColonists"]}
[00:58:00] SAVED day-62.rws (nearest autosave; no save verb exists)
daily ledger day 62: barracks-heat=ok freezer-below-zero=n/a armed-roster=action production-still-runs=ok apparel-margin=n/a
  chop designated: 12
  mine designated: 0
[00:58:18] advance reason=null ticks=null halted=null
[00:58:26] advance reason=null ticks=null halted=null
[00:58:34] advance reason=null ticks=null halted=null
[00:58:41] advance reason=null ticks=null halted=null
[00:58:49] advance reason=null ticks=null halted=null
[00:58:57] advance reason=null ticks=null halted=null
[00:59:04] advance reason=null ticks=null halted=null
[00:59:12] advance reason=null ticks=null halted=null
[00:59:20] advance reason=null ticks=null halted=null
[00:59:31] advance reason=null ticks=null halted=null
[00:59:38] advance reason=null ticks=null halted=null
[00:59:46] advance reason=null ticks=null halted=null
[00:59:53] advance reason=null ticks=null halted=null
[01:00:01] advance reason=null ticks=null halted=null
[01:00:08] advance reason=null ticks=null halted=null
[01:00:16] advance reason=null ticks=null halted=null
[01:00:23] advance reason=null ticks=null halted=null
[01:00:31] advance reason=null ticks=null halted=null
[01:00:39] advance reason=null ticks=null halted=null
[01:00:50] advance reason=null ticks=null halted=null
[01:00:58] advance reason=null ticks=null halted=null
[01:01:05] advance reason=null ticks=null halted=null
[01:01:13] advance reason=null ticks=null halted=null
[01:01:24] advance reason=null ticks=null halted=null
[01:01:32] advance reason=null ticks=null halted=null
[01:01:40] advance reason=null ticks=null halted=null
[01:01:47] advance reason=null ticks=null halted=null
[01:01:55] advance reason=null ticks=null halted=null
[01:02:03] advance reason=null ticks=null halted=null
[01:02:41] BUILD HiTechResearchBench queued at 117,128 (100 steel + 10 components)
[01:03:20] advance reason=casualty ticks=31443 halted={"kind":"casualty","event":"death","pawn":"Lacey","faction":"Southeastern Tedalor","player_faction":true,"tick":3704369,"pawn_id":310,"pawn_kind":"colonist","detail":"Lacey (Southeastern Tedalor) DIED at tick 3704369 — the advance stopped here rather than running on. `triage` has the bleed clock, the rescuers and the exact `rescue` call; `advance {through_casualties:\"<why>\"}` rides past it deliberately."}
[01:03:20] !! CASUALTY - triaging
[01:03:26] letters: Primary ideoligion changed[NeutralEvent] | (*Ideo=Ideo_5)Zoutin Army(/Ideo) rituals activated[NeutralEvent] | Death: Lacey[Death]
[01:03:33]    unread-journal: re-clearing and retrying once (an operator act journaled between our journal call and the advance)
[01:03:35] advance reason=null ticks=null halted=null
[01:03:43]    unread-journal: re-clearing and retrying once (an operator act journaled between our journal call and the advance)
[01:03:45] advance reason=null ticks=null halted=null
[01:03:52]    unread-journal: re-clearing and retrying once (an operator act journaled between our journal call and the advance)
[01:03:54] advance reason=null ticks=null halted=null
[01:04:02]    unread-journal: re-clearing and retrying once (an operator act journaled between our journal call and the advance)
[01:04:03] advance reason=null ticks=null halted=null
[01:04:11]    unread-journal: re-clearing and retrying once (an operator act journaled between our journal call and the advance)
[01:04:12] advance reason=null ticks=null halted=null
[01:04:21]    unread-journal: re-clearing and retrying once (an operator act journaled between our journal call and the advance)
[01:04:23] advance reason=null ticks=null halted=null
[01:04:34]    unread-journal: re-clearing and retrying once (an operator act journaled between our journal call and the advance)
[01:04:35] advance reason=null ticks=null halted=null
[01:04:43]    unread-journal: re-clearing and retrying once (an operator act journaled between our journal call and the advance)
[01:04:45] advance reason=null ticks=null halted=null
[01:04:54]    unread-journal: re-clearing and retrying once (an operator act journaled between our journal call and the advance)
[01:04:56] advance reason=null ticks=null halted=null
[01:05:04]    unread-journal: re-clearing and retrying once (an operator act journaled between our journal call and the advance)
[01:05:06] advance reason=null ticks=null halted=null
[01:05:13]    unread-journal: re-clearing and retrying once (an operator act journaled between our journal call and the advance)
[01:05:15] advance reason=null ticks=null halted=null
[01:05:26]    unread-journal: re-clearing and retrying once (an operator act journaled between our journal call and the advance)
[01:05:28] advance reason=null ticks=null halted=null
[01:05:36]    unread-journal: re-clearing and retrying once (an operator act journaled between our journal call and the advance)
[01:05:37] advance reason=null ticks=null halted=null
[01:05:45]    unread-journal: re-clearing and retrying once (an operator act journaled between our journal call and the advance)
[01:05:46] advance reason=null ticks=null halted=null
[01:05:54]    unread-journal: re-clearing and retrying once (an operator act journaled between our journal call and the advance)
[01:05:56] advance reason=null ticks=null halted=null
[01:06:07]    unread-journal: re-clearing and retrying once (an operator act journaled between our journal call and the advance)
[01:06:09] advance reason=null ticks=null halted=null
[01:06:16]    unread-journal: re-clearing and retrying once (an operator act journaled between our journal call and the advance)
[01:06:18] advance reason=null ticks=null halted=null
[01:06:25]    unread-journal: re-clearing and retrying once (an operator act journaled between our journal call and the advance)
[01:06:27] advance reason=null ticks=null halted=null
[01:06:34]    unread-journal: re-clearing and retrying once (an operator act journaled between our journal call and the advance)
[01:06:36] advance reason=null ticks=null halted=null
[01:06:44]    unread-journal: re-clearing and retrying once (an operator act journaled between our journal call and the advance)
[01:06:46] advance reason=null ticks=null halted=null
[01:06:54]    unread-journal: re-clearing and retrying once (an operator act journaled between our journal call and the advance)
[01:06:55] advance reason=null ticks=null halted=null
[01:07:04]    unread-journal: re-clearing and retrying once (an operator act journaled between our journal call and the advance)
[01:07:05] advance reason=null ticks=null halted=null
[01:07:13]    unread-journal: re-clearing and retrying once (an operator act journaled between our journal call and the advance)
[01:07:15] advance reason=null ticks=null halted=null
[01:07:26]    unread-journal: re-clearing and retrying once (an operator act journaled between our journal call and the advance)
[01:07:28] advance reason=null ticks=null halted=null
[01:07:39]    unread-journal: re-clearing and retrying once (an operator act journaled between our journal call and the advance)
[01:07:41] advance reason=null ticks=null halted=null
[01:07:49]    unread-journal: re-clearing and retrying once (an operator act journaled between our journal call and the advance)
[01:07:51] advance reason=null ticks=null halted=null
[01:07:59]    unread-journal: re-clearing and retrying once (an operator act journaled between our journal call and the advance)
[01:08:00] advance reason=null ticks=null halted=null
[01:08:08]    unread-journal: re-clearing and retrying once (an operator act journaled between our journal call and the advance)
[01:08:10] advance reason=null ticks=null halted=null
[01:08:18]    unread-journal: re-clearing and retrying once (an operator act journaled between our journal call and the advance)
[01:08:20] advance reason=null ticks=null halted=null
[01:08:28]    unread-journal: re-clearing and retrying once (an operator act journaled between our journal call and the advance)
[01:08:30] advance reason=null ticks=null halted=null
[01:08:38]    unread-journal: re-clearing and retrying once (an operator act journaled between our journal call and the advance)
[01:08:40] advance reason=null ticks=null halted=null
[01:08:48]    unread-journal: re-clearing and retrying once (an operator act journaled between our journal call and the advance)
[01:08:49] advance reason=null ticks=null halted=null
{"day":1,"t":3704503,"season":"Spring","food_days":0,"rot":0,"wood":856,"steel":33,"power":0,"mood":[36],"posture_ok":true,"wc_ok":false,"threats":0,"alerts":["Alert_NeedMiner","Alert_LowFood","Alert_StarvationColonists","Alert_ColonistLeftUnburied"]}
[01:08:51] SAVED day-1.rws (nearest autosave; no save verb exists)
daily ledger day 1: barracks-heat=ok freezer-below-zero=n/a armed-roster=ok production-still-runs=ok apparel-margin=n/a
  chop designated: 11
  mine designated: 0
[01:09:22] !! COLONY WIPED - no colonists left
[01:09:22] SAVED WIPE.rws (nearest autosave; no save verb exists)
[01:09:24] advance reason=alert ticks=14436 halted={"id":"Alert_MinorBreakRisk","label":"Minor break risk","priority":"High","kind":"alert","armed_by":"default","tick":3718939,"detail":"Minor break risk (Alert_MinorBreakRisk, priority High) went ON at tick 3718939 — a standing condition the colony did not have a moment ago, so the advance stopped rather than running on. If this one should stop waking the run, `alert-mute {ids:[\"Alert_MinorBreakRisk\"], reason:\"<why>\"}` records that decision and `digest.alerts.muted` keeps it visible; `advance {through_news:\"<why>\"}` rides past every wake for ONE call."}
{"day":62,"t":3718939,"season":"Spring","food_days":0,"rot":0,"wood":856,"steel":33,"power":0,"mood":[34],"posture_ok":true,"wc_ok":false,"threats":0,"alerts":["Alert_NeedMiner","Alert_LowFood","Alert_StarvationColonists","Alert_MinorBreakRisk"]}
[01:09:26] SAVED day-62.rws (nearest autosave; no save verb exists)
daily ledger day 62: barracks-heat=ok freezer-below-zero=n/a armed-roster=ok production-still-runs=ok apparel-margin=n/a
  chop designated: 9
  mine designated: 0
[01:09:43]    unread-journal: re-clearing and retrying once (an operator act journaled between our journal call and the advance)
[01:09:44] advance reason=null ticks=null halted=null
[01:09:52]    unread-journal: re-clearing and retrying once (an operator act journaled between our journal call and the advance)
[01:09:54] advance reason=null ticks=null halted=null
[01:10:01]    unread-journal: re-clearing and retrying once (an operator act journaled between our journal call and the advance)
[01:10:03] advance reason=null ticks=null halted=null
[01:10:14]    unread-journal: re-clearing and retrying once (an operator act journaled between our journal call and the advance)
[01:10:16] advance reason=null ticks=null halted=null
[01:10:24]    unread-journal: re-clearing and retrying once (an operator act journaled between our journal call and the advance)
[01:10:26] advance reason=null ticks=null halted=null
[01:10:33]    unread-journal: re-clearing and retrying once (an operator act journaled between our journal call and the advance)
[01:10:35] advance reason=null ticks=null halted=null
{"day":1,"t":3719149,"season":"Spring","food_days":0,"rot":0,"wood":856,"steel":33,"power":0,"mood":[34],"posture_ok":true,"wc_ok":false,"threats":0,"alerts":["Alert_NeedMiner","Alert_LowFood","Alert_StarvationColonists","Alert_MinorBreakRisk"]}
[01:10:37] SAVED day-1.rws (nearest autosave; no save verb exists)
daily ledger day 1: barracks-heat=ok freezer-below-zero=n/a armed-roster=ok production-still-runs=ok apparel-margin=n/a
  chop designated: 9
  mine designated: 0
[01:10:57] advance reason=alert ticks=1747 halted={"id":"Alert_ColonistLeftUnburied","label":"Colonist left unburied","priority":"High","kind":"alert","armed_by":"default","tick":3720896,"detail":"Colonist left unburied (Alert_ColonistLeftUnburied, priority High) went ON at tick 3720896 — a standing condition the colony did not have a moment ago, so the advance stopped rather than running on. If this one should stop waking the run, `alert-mute {ids:[\"Alert_ColonistLeftUnburied\"], reason:\"<why>\"}` records that decision and `digest.alerts.muted` keeps it visible; `advance {through_news:\"<why>\"}` rides past every wake for ONE call."}
{"day":63,"t":3720896,"season":"Spring","food_days":0,"rot":0,"wood":856,"steel":33,"power":0,"mood":[28],"posture_ok":true,"wc_ok":false,"threats":0,"alerts":["Alert_NeedMiner","Alert_LowFood","Alert_MinorBreakRisk","Alert_ColonistLeftUnburied"]}
[01:10:59] SAVED day-63.rws (nearest autosave; no save verb exists)
daily ledger day 63: barracks-heat=ok freezer-below-zero=n/a armed-roster=ok production-still-runs=ok apparel-margin=ok
  chop designated: 9
  mine designated: 0
[01:11:17]    unread-journal: re-clearing and retrying once (an operator act journaled between our journal call and the advance)
[01:11:19] advance reason=null ticks=null halted=null
[01:11:36] BUILD HiTechResearchBench queued at 117,128 (100 steel + 10 components)
[01:11:39]    unread-journal: re-clearing and retrying once (an operator act journaled between our journal call and the advance)
[01:11:45] advance reason=alert ticks=3091 halted={"id":"Alert_MajorOrExtremeBreakRisk","label":"Major break risk","priority":"Critical","kind":"alert","armed_by":"default","tick":3723987,"detail":"Major break risk (Alert_MajorOrExtremeBreakRisk, priority Critical) went ON at tick 3723987 — a standing condition the colony did not have a moment ago, so the advance stopped rather than running on. If this one should stop waking the run, `alert-mute {ids:[\"Alert_MajorOrExtremeBreakRisk\"], reason:\"<why>\"}` records that decision and `digest.alerts.muted` keeps it visible; `advance {through_news:\"<why>\"}` rides past every wake for ONE call."}
[01:11:56]    unread-journal: re-clearing and retrying once (an operator act journaled between our journal call and the advance)
[01:12:00] advance reason=letter ticks=1797 halted={"def":"NegativeEvent","label":"Tantrum: Trev","text":"<color=#D09B61FF>Trev</color> is having a tantrum.\n\nHe is going to smash things in his room.\n\nThis happened because of poor mood.\n\nThe final straw was: Ate human meat","target":"Thing_Human91381","kind":"letter","armed_by":"until","tick":3725758,"detail":"Tantrum: Trev (NegativeEvent) arrived at tick 3725758 — the letter this advance was waiting for."}
[01:12:03] letters: Tantrum: Trev[NegativeEvent]
[01:12:09]    unread-journal: re-clearing and retrying once (an operator act journaled between our journal call and the advance)
[01:12:21] advance reason=alert ticks=8657 halted={"id":"Alert_MajorOrExtremeBreakRisk","label":"Extreme break risk","priority":"Critical","kind":"alert","armed_by":"default","tick":3734441,"detail":"Extreme break risk (Alert_MajorOrExtremeBreakRisk, priority Critical) went ON at tick 3734441 — a standing condition the colony did not have a moment ago, so the advance stopped rather than running on. If this one should stop waking the run, `alert-mute {ids:[\"Alert_MajorOrExtremeBreakRisk\"], reason:\"<why>\"}` records that decision and `digest.alerts.muted` keeps it visible; `advance {through_news:\"<why>\"}` rides past every wake for ONE call."}
[01:12:28]    unread-journal: re-clearing and retrying once (an operator act journaled between our journal call and the advance)
[01:12:36] advance reason=alert ticks=4640 halted={"id":"Alert_MinorBreakRisk","label":"Minor break risk","priority":"High","kind":"alert","armed_by":"default","tick":3739081,"detail":"Minor break risk (Alert_MinorBreakRisk, priority High) went ON at tick 3739081 — a standing condition the colony did not have a moment ago, so the advance stopped rather than running on. If this one should stop waking the run, `alert-mute {ids:[\"Alert_MinorBreakRisk\"], reason:\"<why>\"}` records that decision and `digest.alerts.muted` keeps it visible; `advance {through_news:\"<why>\"}` rides past every wake for ONE call."}
[01:12:44]    unread-journal: re-clearing and retrying once (an operator act journaled between our journal call and the advance)
[01:12:51] advance reason=alert ticks=4499 halted={"id":"Alert_MajorOrExtremeBreakRisk","label":"Major break risk","priority":"Critical","kind":"alert","armed_by":"default","tick":3743580,"detail":"Major break risk (Alert_MajorOrExtremeBreakRisk, priority Critical) went ON at tick 3743580 — a standing condition the colony did not have a moment ago, so the advance stopped rather than running on. If this one should stop waking the run, `alert-mute {ids:[\"Alert_MajorOrExtremeBreakRisk\"], reason:\"<why>\"}` records that decision and `digest.alerts.muted` keeps it visible; `advance {through_news:\"<why>\"}` rides past every wake for ONE call."}
[01:12:59]    unread-journal: re-clearing and retrying once (an operator act journaled between our journal call and the advance)
[01:13:09] advance reason=alert ticks=7080 halted={"id":"Alert_ColonistLeftUnburied","label":"Colonist left unburied","priority":"High","kind":"alert","armed_by":"default","tick":3750660,"detail":"Colonist left unburied (Alert_ColonistLeftUnburied, priority High) went ON at tick 3750660 — a standing condition the colony did not have a moment ago, so the advance stopped rather than running on. If this one should stop waking the run, `alert-mute {ids:[\"Alert_ColonistLeftUnburied\"], reason:\"<why>\"}` records that decision and `digest.alerts.muted` keeps it visible; `advance {through_news:\"<why>\"}` rides past every wake for ONE call."}
[01:13:16]    unread-journal: re-clearing and retrying once (an operator act journaled between our journal call and the advance)
[01:13:21] advance reason=alert ticks=2000 halted={"id":"Alert_MinorBreakRisk","label":"Minor break risk","priority":"High","kind":"alert","armed_by":"default","tick":3752660,"detail":"Minor break risk (Alert_MinorBreakRisk, priority High) went ON at tick 3752660 — a standing condition the colony did not have a moment ago, so the advance stopped rather than running on. If this one should stop waking the run, `alert-mute {ids:[\"Alert_MinorBreakRisk\"], reason:\"<why>\"}` records that decision and `digest.alerts.muted` keeps it visible; `advance {through_news:\"<why>\"}` rides past every wake for ONE call."}
[01:13:29]    unread-journal: re-clearing and retrying once (an operator act journaled between our journal call and the advance)
[01:13:44] advance reason=alert ticks=11722 halted={"id":"Alert_MajorOrExtremeBreakRisk","label":"Major break risk","priority":"Critical","kind":"alert","armed_by":"default","tick":3764382,"detail":"Major break risk (Alert_MajorOrExtremeBreakRisk, priority Critical) went ON at tick 3764382 — a standing condition the colony did not have a moment ago, so the advance stopped rather than running on. If this one should stop waking the run, `alert-mute {ids:[\"Alert_MajorOrExtremeBreakRisk\"], reason:\"<why>\"}` records that decision and `digest.alerts.muted` keeps it visible; `advance {through_news:\"<why>\"}` rides past every wake for ONE call."}
[01:13:52]    unread-journal: re-clearing and retrying once (an operator act journaled between our journal call and the advance)
[01:14:05] advance reason=alert ticks=8992 halted={"id":"Alert_StarvationColonists","label":"Starvation","priority":"High","kind":"alert","armed_by":"default","tick":3773374,"detail":"Starvation (Alert_StarvationColonists, priority High) went ON at tick 3773374 — a standing condition the colony did not have a moment ago, so the advance stopped rather than running on. If this one should stop waking the run, `alert-mute {ids:[\"Alert_StarvationColonists\"], reason:\"<why>\"}` records that decision and `digest.alerts.muted` keeps it visible; `advance {through_news:\"<why>\"}` rides past every wake for ONE call."}
[01:14:13]    unread-journal: re-clearing and retrying once (an operator act journaled between our journal call and the advance)
[01:14:31] advance reason=alert ticks=13338 halted={"id":"Alert_ColonistLeftUnburied","label":"Colonist left unburied","priority":"High","kind":"alert","armed_by":"default","tick":3786712,"detail":"Colonist left unburied (Alert_ColonistLeftUnburied, priority High) went ON at tick 3786712 — a standing condition the colony did not have a moment ago, so the advance stopped rather than running on. If this one should stop waking the run, `alert-mute {ids:[\"Alert_ColonistLeftUnburied\"], reason:\"<why>\"}` records that decision and `digest.alerts.muted` keeps it visible; `advance {through_news:\"<why>\"}` rides past every wake for ONE call."}
{"day":64,"t":3786712,"season":"Spring","food_days":0.1,"rot":0.1,"wood":856,"steel":33,"power":0,"mood":[14],"posture_ok":true,"wc_ok":false,"threats":0,"alerts":["Alert_MajorOrExtremeBreakRisk","Alert_LowFood","Alert_StarvationColonists"]}
[01:14:33] SAVED day-64.rws (nearest autosave; no save verb exists)
daily ledger day 64: barracks-heat=ok freezer-below-zero=n/a armed-roster=ok production-still-runs=ok apparel-margin=n/a
  chop designated: 13
  mine designated: 0
[01:14:50]    unread-journal: re-clearing and retrying once (an operator act journaled between our journal call and the advance)
[01:14:55] advance reason=letter ticks=2304 halted={"def":"AcceptJoiner","label":"Transport pod crash: (*Name)Kepler(/Name)","text":"A caveworld illuminator named (*Name)Kepler(/Name) is crashing in a transport pod nearby.\n\n(*Name)Kepler(/Name) is suffering from paralytic abasia and will be unable to walk.\n\nHe will recover naturally after many days. There is also a chance of a lucky quick recovery. Paralytic abasia can also be cured by a special operation which requires a large amount of glitterworld medicine.\n\nHe is willing to contribute once he has recovered, but will not leave voluntarily. If you don't want (*Name)Kepler(/Name), you can banish him, sell him into slavery or leave him to die. However, your other colonists may find this disturbing.\n\n(*Name)Kepler(/Name)'s best stat: Artistic (skill level 7)","target":"Thing_Human123618","kind":"letter","armed_by":"until","tick":3789000,"detail":"Transport pod crash: (*Name)Kepler(/Name) (AcceptJoiner) arrived at tick 3789000 — the letter this advance was waiting for."}
[01:14:58] letters: Transport pod crash: (*Name)Kepler(/Name)[AcceptJoiner]
[01:15:03]    unread-journal: re-clearing and retrying once (an operator act journaled between our journal call and the advance)
[01:15:14] advance reason=letter ticks=6984 halted={"def":"NewQuest","label":"Quest available: Pollution Dump","text":"A new quest is available.\n\nThe quest is called 'Pollution Dump'.\n\nIf you don't accept the quest within 5 days, it will expire.","kind":"letter","armed_by":"until","tick":3796000,"detail":"Quest available: Pollution Dump (NewQuest) arrived at tick 3796000 — the letter this advance was waiting for."}
[01:15:17] letters: Transport pod crash: (*Name)Kepler(/Name)[AcceptJoiner] | Quest available: Pollution Dump[NewQuest]
[01:15:23]    unread-journal: re-clearing and retrying once (an operator act journaled between our journal call and the advance)
[01:15:57] advance reason=alert ticks=28232 halted={"id":"Alert_StarvationColonists","label":"Starvation","priority":"High","kind":"alert","armed_by":"default","tick":3824232,"detail":"Starvation (Alert_StarvationColonists, priority High) went ON at tick 3824232 — a standing condition the colony did not have a moment ago, so the advance stopped rather than running on. If this one should stop waking the run, `alert-mute {ids:[\"Alert_StarvationColonists\"], reason:\"<why>\"}` records that decision and `digest.alerts.muted` keeps it visible; `advance {through_news:\"<why>\"}` rides past every wake for ONE call."}
[01:16:01] letters: Transport pod crash: (*Name)Kepler(/Name)[AcceptJoiner] | Quest available: Pollution Dump[NewQuest]
[01:16:07]    unread-journal: re-clearing and retrying once (an operator act journaled between our journal call and the advance)
[01:16:27] advance reason=letter ticks=15768 halted={"def":"PositiveEvent","label":"Gauranlen pod sprout","text":"A Gauranlen pod has sprouted nearby!\n\nHarvest it to collect a Gauranlen seed. This special seed can be used to plant the majestic Gauranlen tree.\n\nYour colonists can connect with Gauranlen trees and make them spawn resources and helpful dryads to work or fight for you.","target":"Thing_Plant_PodGauranlen124713","kind":"letter","armed_by":"until","tick":3840000,"detail":"Gauranlen pod sprout (PositiveEvent) arrived at tick 3840000 — the letter this advance was waiting for."}
{"day":65,"t":3840000,"season":"Spring","food_days":0,"rot":0,"wood":720,"steel":33,"power":1000,"mood":[10],"posture_ok":true,"wc_ok":false,"threats":0,"alerts":["Alert_MajorOrExtremeBreakRisk","Alert_LowFood","Alert_StarvationColonists"]}
[01:16:29] SAVED day-65.rws (nearest autosave; no save verb exists)
daily ledger day 65: barracks-heat=ok freezer-below-zero=n/a armed-roster=ok production-still-runs=ok apparel-margin=n/a
  chop designated: 15
  mine designated: 0
[01:16:41] letters: Transport pod crash: (*Name)Kepler(/Name)[AcceptJoiner] | Quest available: Pollution Dump[NewQuest] | Gauranlen pod sprout[PositiveEvent]
[01:16:49]    unread-journal: re-clearing and retrying once (an operator act journaled between our journal call and the advance)
[01:17:00] advance reason=letter ticks=7576 halted={"def":"NegativeEvent","label":"Tantrum: Trev","text":"<color=#D09B61FF>Trev</color> is having a tantrum.\n\nHe is going to smash things in his room.\n\nThis happened because of poor mood.\n\nThe final straw was: Badly malnourished","target":"Thing_Human91381","kind":"letter","armed_by":"until","tick":3847558,"detail":"Tantrum: Trev (NegativeEvent) arrived at tick 3847558 — the letter this advance was waiting for."}
[01:17:03] letters: Transport pod crash: (*Name)Kepler(/Name)[AcceptJoiner] | Quest available: Pollution Dump[NewQuest] | Gauranlen pod sprout[PositiveEvent] | Tantrum: Trev[NegativeEvent]
[01:17:11]    unread-journal: re-clearing and retrying once (an operator act journaled between our journal call and the advance)
[01:17:15] advance reason=dialog ticks=1423 halted={"count":1,"windows":[{"type":"Dialog_NodeTreeWithFactionInfo","type_full":"RimWorld.Dialog_NodeTreeWithFactionInfo","layer":"Dialog"}],"letters":["Transport pod crash: (*Name)Kepler(/Name)","Quest available: Pollution Dump","Gauranlen pod sprout","Tantrum: Trev"],"opened":{"type":"Dialog_NodeTreeWithFactionInfo","type_full":"RimWorld.Dialog_NodeTreeWithFactionInfo","layer":"Dialog"}}
[01:17:20] letters: Transport pod crash: (*Name)Kepler(/Name)[AcceptJoiner] | Quest available: Pollution Dump[NewQuest] | Gauranlen pod sprout[PositiveEvent] | Tantrum: Trev[NegativeEvent]
[01:17:34]    unread-journal: re-clearing and retrying once (an operator act journaled between our journal call and the advance)
[01:17:36] advance reason=dialog ticks=0 halted={"count":1,"windows":[{"type":"Dialog_NodeTreeWithFactionInfo","type_full":"RimWorld.Dialog_NodeTreeWithFactionInfo","layer":"Dialog"}],"letters":["Transport pod crash: (*Name)Kepler(/Name)","Quest available: Pollution Dump","Gauranlen pod sprout","Tantrum: Trev"]}
[01:17:39] letters: Transport pod crash: (*Name)Kepler(/Name)[AcceptJoiner] | Quest available: Pollution Dump[NewQuest] | Gauranlen pod sprout[PositiveEvent] | Tantrum: Trev[NegativeEvent]
[01:17:49] advance reason=dialog ticks=0 halted={"count":1,"windows":[{"type":"Dialog_NodeTreeWithFactionInfo","type_full":"RimWorld.Dialog_NodeTreeWithFactionInfo","layer":"Dialog"}],"letters":["Transport pod crash: (*Name)Kepler(/Name)","Quest available: Pollution Dump","Gauranlen pod sprout","Tantrum: Trev"]}
[01:17:53] letters: Transport pod crash: (*Name)Kepler(/Name)[AcceptJoiner] | Quest available: Pollution Dump[NewQuest] | Gauranlen pod sprout[PositiveEvent] | Tantrum: Trev[NegativeEvent]
[01:18:03] advance reason=dialog ticks=0 halted={"count":1,"windows":[{"type":"Dialog_NodeTreeWithFactionInfo","type_full":"RimWorld.Dialog_NodeTreeWithFactionInfo","layer":"Dialog"}],"letters":["Transport pod crash: (*Name)Kepler(/Name)","Quest available: Pollution Dump","Gauranlen pod sprout","Tantrum: Trev"]}
[01:18:06] letters: Transport pod crash: (*Name)Kepler(/Name)[AcceptJoiner] | Quest available: Pollution Dump[NewQuest] | Gauranlen pod sprout[PositiveEvent] | Tantrum: Trev[NegativeEvent]
[01:18:16] advance reason=dialog ticks=0 halted={"count":1,"windows":[{"type":"Dialog_NodeTreeWithFactionInfo","type_full":"RimWorld.Dialog_NodeTreeWithFactionInfo","layer":"Dialog"}],"letters":["Transport pod crash: (*Name)Kepler(/Name)","Quest available: Pollution Dump","Gauranlen pod sprout","Tantrum: Trev"]}
[01:18:19] letters: Transport pod crash: (*Name)Kepler(/Name)[AcceptJoiner] | Quest available: Pollution Dump[NewQuest] | Gauranlen pod sprout[PositiveEvent] | Tantrum: Trev[NegativeEvent]
[01:18:39] advance reason=alert ticks=8431 halted={"id":"Alert_MajorOrExtremeBreakRisk","label":"Major break risk","priority":"Critical","kind":"alert","armed_by":"default","tick":3857430,"detail":"Major break risk (Alert_MajorOrExtremeBreakRisk, priority Critical) went ON at tick 3857430 — a standing condition the colony did not have a moment ago, so the advance stopped rather than running on. If this one should stop waking the run, `alert-mute {ids:[\"Alert_MajorOrExtremeBreakRisk\"], reason:\"<why>\"}` records that decision and `digest.alerts.muted` keeps it visible; `advance {through_news:\"<why>\"}` rides past every wake for ONE call."}
[01:18:42] letters: Quest available: Pollution Dump[NewQuest] | Gauranlen pod sprout[PositiveEvent] | Tantrum: Trev[NegativeEvent]
[01:18:50]    unread-journal: re-clearing and retrying once (an operator act journaled between our journal call and the advance)
[01:18:55] advance reason=alert ticks=2947 halted={"id":"Alert_MinorBreakRisk","label":"Minor break risk","priority":"High","kind":"alert","armed_by":"default","tick":3860377,"detail":"Minor break risk (Alert_MinorBreakRisk, priority High) went ON at tick 3860377 — a standing condition the colony did not have a moment ago, so the advance stopped rather than running on. If this one should stop waking the run, `alert-mute {ids:[\"Alert_MinorBreakRisk\"], reason:\"<why>\"}` records that decision and `digest.alerts.muted` keeps it visible; `advance {through_news:\"<why>\"}` rides past every wake for ONE call."}
[01:19:03]    unread-journal: re-clearing and retrying once (an operator act journaled between our journal call and the advance)
[01:19:09] advance reason=letter ticks=3623 halted={"def":"ThreatSmall","label":"Mad hare","text":"A local hare has gone mad. It will attack everyone it sees.","target":"Thing_Hare82114","kind":"letter","armed_by":"until","tick":3864000,"detail":"Mad hare (ThreatSmall) arrived at tick 3864000 — the letter this advance was waiting for."}
[01:19:12] letters: Mad hare[ThreatSmall]
[01:19:13] !! THREAT: Mad hare at tick 3864000
[01:19:13] SAVED threat-t3864000-Madhare.rws (nearest autosave; no save verb exists)
{"name":"Trev","seek":true}
{"name":"Kepler","seek":false}
[01:19:20]    unread-journal: re-clearing and retrying once (an operator act journaled between our journal call and the advance)
[01:19:45] advance reason=alert ticks=9400 halted={"id":"Alert_Exhaustion","label":"Exhaustion","priority":"High","kind":"alert","armed_by":"default","tick":3873400,"detail":"Exhaustion (Alert_Exhaustion, priority High) went ON at tick 3873400 — a standing condition the colony did not have a moment ago, so the advance stopped rather than running on. If this one should stop waking the run, `alert-mute {ids:[\"Alert_Exhaustion\"], reason:\"<why>\"}` records that decision and `digest.alerts.muted` keeps it visible; `advance {through_news:\"<why>\"}` rides past every wake for ONE call."}
[01:19:53]    unread-journal: re-clearing and retrying once (an operator act journaled between our journal call and the advance)
[01:19:59] advance reason=alert ticks=2676 halted={"id":"Alert_MinorBreakRisk","label":"Minor break risk","priority":"High","kind":"alert","armed_by":"default","tick":3876076,"detail":"Minor break risk (Alert_MinorBreakRisk, priority High) went ON at tick 3876076 — a standing condition the colony did not have a moment ago, so the advance stopped rather than running on. If this one should stop waking the run, `alert-mute {ids:[\"Alert_MinorBreakRisk\"], reason:\"<why>\"}` records that decision and `digest.alerts.muted` keeps it visible; `advance {through_news:\"<why>\"}` rides past every wake for ONE call."}
[01:20:06]    unread-journal: re-clearing and retrying once (an operator act journaled between our journal call and the advance)
[01:21:23] advance reason=alert ticks=43825 halted={"id":"Alert_MinorBreakRisk","label":"Minor break risk","priority":"High","kind":"alert","armed_by":"default","tick":3919901,"detail":"Minor break risk (Alert_MinorBreakRisk, priority High) went ON at tick 3919901 — a standing condition the colony did not have a moment ago, so the advance stopped rather than running on. If this one should stop waking the run, `alert-mute {ids:[\"Alert_MinorBreakRisk\"], reason:\"<why>\"}` records that decision and `digest.alerts.muted` keeps it visible; `advance {through_news:\"<why>\"}` rides past every wake for ONE call."}
{"day":66,"t":3919901,"season":"Spring","food_days":0,"rot":0,"wood":754,"steel":33,"power":1000,"mood":[0,34],"posture_ok":false,"wc_ok":false,"threats":0,"alerts":["Alert_ColonistNeedsRescuing","Alert_LowFood","Alert_StarvationColonists","Alert_MinorBreakRisk","Alert_TatteredApparel"]}
[01:21:25] SAVED day-66.rws (nearest autosave; no save verb exists)
daily ledger day 66: barracks-heat=action freezer-below-zero=n/a armed-roster=ok production-still-runs=ok apparel-margin=action
  chop designated: 13
  mine designated: 0
[01:21:48] BUILD HiTechResearchBench queued at 117,128 (100 steel + 10 components)
[01:21:52]    unread-journal: re-clearing and retrying once (an operator act journaled between our journal call and the advance)
[01:21:55] advance reason=casualty ticks=557 halted={"kind":"casualty","event":"downed","pawn":"Trev","faction":"Southeastern Tedalor","player_faction":true,"tick":3920458,"pawn_id":91381,"pawn_kind":"colonist","detail":"Trev (Southeastern Tedalor) went DOWN at tick 3920458 — the advance stopped here rather than running on. `triage` has the bleed clock, the rescuers and the exact `rescue` call; `advance {through_casualties:\"<why>\"}` rides past it deliberately."}
[01:21:55] !! CASUALTY - triaging
{"name":"Trev","verdict":"no-deadline","margin":null,"act":{"pawn":123618,"target":91381}}
{"name":"Kepler","verdict":"no-rescuer","margin":null,"act":null}
{"ok":true,"job":"downed, cannot crawl."}
[01:22:06]    unread-journal: re-clearing and retrying once (an operator act journaled between our journal call and the advance)
[01:22:40] advance reason=casualty ticks=27614 halted={"kind":"casualty","event":"death","pawn":"Trev","faction":"Southeastern Tedalor","player_faction":true,"tick":3948058,"pawn_id":91381,"pawn_kind":"colonist","detail":"Trev (Southeastern Tedalor) DIED at tick 3948058 — the advance stopped here rather than running on. `triage` has the bleed clock, the rescuers and the exact `rescue` call; `advance {through_casualties:\"<why>\"}` rides past it deliberately."}
[01:22:40] !! CASUALTY - triaging
{"name":"Kepler","verdict":"no-rescuer","margin":null,"act":null}
[01:22:47] letters: Primary ideoligion changed[NeutralEvent] | (*Ideo=Ideo_7)Zoutin Creed(/Ideo) rituals activated[NeutralEvent] | Death: Trev[Death]
[01:22:58]    unread-journal: re-clearing and retrying once (an operator act journaled between our journal call and the advance)
[01:23:00] advance reason=casualty ticks=60 halted={"kind":"casualty","event":"death","pawn":"Kepler","faction":"Southeastern Tedalor","player_faction":true,"tick":3948116,"pawn_id":123618,"pawn_kind":"colonist","detail":"Kepler (Southeastern Tedalor) DIED at tick 3948116 — the advance stopped here rather than running on. `triage` has the bleed clock, the rescuers and the exact `rescue` call; `advance {through_casualties:\"<why>\"}` rides past it deliberately."}
[01:23:00] !! CASUALTY - triaging
[01:23:04] !! COLONY WIPED - no colonists left
[01:23:04] SAVED WIPE.rws (nearest autosave; no save verb exists)
